post	label	language
কোন সন্দেহ নেই যে বিবাহবিচ্ছেদ সব পক্ষের জন্যই কঠিন, তবে যদি এটি একটি সচেতন বিবাহবিচ্ছেদ হয় এবং কোন সমস্যা ছাড়াই, তবে সন্তানদের ক্ষতি হবে না ...	0	bn
তিনি, ওয়ালিদ জুম্বলট, খুব শীঘ্রই প্রজাতন্ত্রের রাষ্ট্রপতির বিরুদ্ধে দ্রুত পদক্ষেপ নিয়ে বিচার করা হবে, কারণ তিনি ওয়ালিদ জুম্বলট-এর সাথে যোগসাজশ করে ডায়াবের বাবা-মাকে হত্যা করেছিলেন। এটি ফাইল।	0	bn
তুমি সত্যের কণ্ঠস্বর	0	bn
সে কথা বললে... নীরবতা পড়ল হারেমের ঠোঁটে।	0	bn
যেন ওরা পঞ্চাশ নাকি? আপনার কাছে এটা পরিষ্কার, আমি শপথ করছি জীবন একটি গাফিলতি	0	bn
সিরিয়া থেকে খবর: লাতাকিয়ায় ইসরায়েলি অভিযান ও বিস্ফোরণ, হামাতে সরকারের দুই শাখার মধ্যে সশস্ত্র সংঘর্ষ এবং একই সময়ে আমেরিকান প্রত্যাহার...	0	bn
@user আমরা, দর্শকরা ভেবেছিলাম আপনি শূকর, আল জাজিরা	1	bn
শান্তির জন্য-নিরাপত্তা সমীকরণের রাজনৈতিক স্পষ্টীকরণ যা গেব্রান বাসিল এই বাক্যাংশ দিয়ে বাজারজাত করার চেষ্টা করছে: ইসরায়েলের নিরাপত্তার অধিকার আছে শর্তে যে এটি আগ্রাসন করবে না।	0	bn
আপনি কি আপনার শিক্ষকের কাছ থেকে অনেক শাওয়ারমা খান?	0	bn
আপনার কাছ থেকে একটি সুন্দর অঙ্গভঙ্গি, সুশ্রী Dima	0	bn
এখন, কাজের ক্ষেত্রে, নায়ক চরিত্রটি সাধারণভাবে ছোট প্রাণীদের পছন্দ করে, তবে আমি এটি গ্রহণ করেছি কারণ এটি স্পষ্ট যে তার দৃষ্টিভঙ্গি বিচ্যুত নয়।	0	bn
@user @user @user ঈশ্বর আপনাকে এবং আপনার শাসককে অভিশাপ দিন। প্যালেস্টাইন, কুকুর, একটি ইসলামিক দান এবং আপনার মতো শূকরের প্রয়োজন নেই। হারামির দেশ... @url	1	bn
দুর্দশার মন্দ যা আপনাকে প্রতিদিন রাজনীতির হাস্যকরতা এবং অস্পষ্ট দৃষ্টির গভীরে ডুবিয়ে দেয়।	0	bn
আর ধৈর্যশীলদেরকে স্বস্তির সুসংবাদ দাও	0	bn
ভেড়ার ঝাঁক যাদের চিন্তা করার ক্ষমতা নেই কিন্তু অর্থহীন, পচা কথাবার্তা নিয়ে গুজব ছড়ায়	1	bn
কথোপকথনের এই স্তরের জন্য লজ্জাজনক	0	bn
ঈশ্বর আমাদের রাষ্ট্রপতির হাত থেকে রক্ষা করুন, এবং আমাদের থেকে গোয়েন্দা পরিষেবাগুলিকে রক্ষা করুন	0	bn
@user @user @user @user তুমি করাত দলের খচ্চর... তুমি উটের মূত্র পান কর... বোকামি তোমাকে ছেড়ে দিয়েছে... @user	1	bn
আমি পুরোপুরি বুঝতে পারি যে একজন সুইডি বা আমেরিকান কালো চামড়ার আফ্রিকানদের বিরুদ্ধে বর্ণবাদী - এমনকি যদি এটি তাদের মধ্যে অদৃশ্য হয়ে যায় - তবে আপনি কেন থাকবেন... @url	0	bn
দুই মাস আগে আমাকে মনে করিয়ে দিন আপনি কার সাথে ছিলেন এবং কাকে আপনি পুরুষ বলে অভিযোগ করেছিলেন এবং দৃঢ় থাকুন	0	bn
@ ব্যবহারকারী আপনার মধ্যে কোন পার্থক্য নেই, আপনি সব শূকর	1	bn
NEPAD পরিবেশ মন্ত্রীদের সম্মেলনের কার্যক্রমের কাঠামোর মধ্যে পরিবেশ মন্ত্রী ড. ইয়াসমিন ফুয়াদকে উচ্চ-স্তরের আফ্রিকান সম্মানে সম্মানিত করেছে... @url	0	bn
তিনি তার প্রতি রহম করুন এবং তার পরিবারকে ধৈর্য দান করুন	0	bn
তুমি, হে নাইট, হে নীচু, হে রাফিদি, হে আরব ও বেদুইনদের জাদুকর, সম্মান তোমার, হে সম্মানহীন।	1	bn
আব্বাস ইব্রাহিমের মালিকানাধীন খালদেহের সরকারী সম্পত্তিতে লাইসেন্স ছাড়াই তৈরি করা আইন লঙ্ঘনকারী চুলা সম্পর্কে কী বলা যায়? আমার কাছে…	0	bn
অন্য মানুষের উপায়ে অন্য লোকেদের সম্পর্কে মন্তব্য করবেন না	1	bn
গেব্রান বাসিল সবচেয়ে চৌকস মন্ত্রী	0	bn
বিজয়ীদের অভিনন্দন, দুর্দান্ত কাজ	0	bn
পশ্চিম রুয়ান্ডা... এটি প্রমাণ যে মন্ত্রী গেব্রান বাসিল সরকার গঠন করেন না...	0	bn
আমাদের নেতা অতুলনীয়, আল্লাহ তাকে হেফাজত করুন	0	bn
যৌন হয়রানির বিষয়ে আল-আজহারের বিবৃতি সংস্কারবাদী আন্দোলন এবং আল-আজহারের দায়িত্বপ্রাপ্তদের মধ্যে দ্বন্দ্ব দেখায়, #কম্পাস_উইথ_ইসলাম_বেহেরি... @url	0	bn
আমি আশা করি কেউ আমাকে আমার নৈতিকতা হারিয়ে ফেলবে এবং আবু আল-গীতকে বৈরুত কিছু দিয়ে আঘাত করবে	0	bn
ব্যর্থ লেখক মিশেল আফলকের আশ্রয়স্থল রাজনীতি	0	bn
ঈশ্বরের কসম, আমাদের প্রিয় আইনজীবী, দিনগুলি প্রমাণ করেছে যে জেব্রান বাসিল দেশের সবকিছুতে বাধা দিচ্ছে এবং কেউ তাকে থামাতে পারবে না...	0	bn
এটি একটি ন্যায্য বিচার বিভাগ যার সামনে আমরা সবাই সম্মানের সাথে হাজির, কিন্তু রাজনৈতিক বিচারক কারাগারে আবদ্ধ	0	bn
নতুন সুয়েজ খাল @url পরিদর্শনে আফ্রিকান শ্যুটিং ফেডারেশনের প্রধান	0	bn
মহামান্য মন্ত্রী গেব্রান বাসিলের নতুন প্রস্তাবটি এমন একটি সরকার যা আমাদের সুন্নি ভাইদের মন্ত্রীদের অন্তর্ভুক্ত করবে এবং এইভাবে তারা পরামর্শের জন্য সপ্তম মন্ত্রীকে দেখাবে...	0	bn
বাস্তুচ্যুত সিরিয়ানরা নির্লজ্জভাবে লেবাননের রাষ্ট্রের দাবি জানাচ্ছে	1	bn
@ব্যবহারকারী সমস্ত শূকর ক্রু, ঈশ্বর আপনাকে আশীর্বাদ করুন, খ্রিস্টান এবং নুসাইরি শূকর, তাদের কাছে হজ এবং প্রার্থনার জন্য কত টাকা আছে এবং তুরস্কে মেথিলেশনের জন্য কুর্তুলমুস যথেষ্ট... @url	1	bn
আপনি কে? অর্ডার করতে আসেন না। আপনি কে?	0	bn
ট্রেজারি বন্ড একটি আমানত নয়, যার অর্থ একটি ঋণ বহনকারী সুদ, এবং তারা বিয়ার থেকে এই অর্ধ বিলিয়ন মুছে ফেলবে না	0	bn
যদি একটি আত্মমর্যাদাপূর্ণ দেশ থাকত, তবে আপনি নির্বাসিত বা কারারুদ্ধ হতেন	0	bn
প্রথমত, মহামান্য রাষ্ট্রপতি জেনারেল মিশেল আউন, এবং দ্বিতীয়ত, অধ্যাপক গেব্রান বাসিলের লক্ষ্য লেবাননের স্বার্থে, যদি আপনি নিজের মতো হন।	0	bn
আপনার পেশাদারিত্ব কোথায়, আপনি টাক মানুষ, আব্দুল মাল? মার্সাল ঘানেমের প্রতি আপনার তুচ্ছ, কবর দেওয়া ঘৃণার জন্য আপনাকে ধন্যবাদ	1	bn
সাম্প্রতিক ফলাফল সহ তিন ভাইবোনের একটি নোটারি পরিবার: গ্রেস ইসাম নাইম, অ্যালান ইসসাম নাইম, এলি ইসাম নাইম, জিব্রান বাসিল এবং আল-নাম।	0	bn
রান্নাঘরে যাও, কুত্তা সহ্য কর	1	bn
"এমন এক পৃথিবী যেখানে আপনি ক্ষুধায়, পোড়াতে, ঠান্ডায়, বিস্ফোরণে মারা যান। আমাদের দেশে নানা ধরনের মৃত্যু আছে। কেউ দরজা খুললেই বলে, ""তুমি দেশের বাইরে, আমার চোখ মরবে না।"""	0	bn
কেমন ছিল যখন তার অনুসারীরা, আল-জাকিফা, সিরিয়ার লেবাননে দখলের দিনগুলিতে, যার মধ্যে সবচেয়ে বিখ্যাত ছিলেন নাসের কান্দিল, সামরিক উপস্থিতি অদৃশ্য হয়ে যায় এবং...	0	bn
Gebran Bassil আমরা আমেরিকা এবং লন্ডনকে বাজেট ছাড়াই দেশ ছেড়ে চলে যেতে শেখাতে চাই, কিন্তু জাররাসা যেখানেই যায়	0	bn
আমি আমার পররাষ্ট্রমন্ত্রী হওয়ার জন্য গেব্রান বাসিলের প্রতিনিধিত্ব করছি না। আপনি যদি ইসরায়েলের সাথে সম্পর্ক রাখতে চান, তাহলে কোন সমস্যা নেই, মহামান্য।	0	bn
একটি শব্দ আপনি নিতে, একটি শব্দ আপনি উত্তর	0	bn
একটা তুচ্ছ, নোংরা মানুষ নৈতিকতা ও সম্মানহীন, তাদের জন্য কি লজ্জা	1	bn
প্রাপ্য ক্রয় একটি বিপর্যয়	0	bn
লেবানন কি আপনার নাকি অন্য কারো?প্রাক-ইসলামী যুগে কি আসছে?	0	bn
উদ্বাস্তুরা তাদের সমস্ত কিছুকে আঁকড়ে রেখেছিল যা তাদের স্বত্ব প্রমাণ করে যাতে তাদের সন্তানরা তাদের পরে উত্তরাধিকারী হতে পারে। এইভাবে, রেশন কার্ডগুলি পরিচয় এবং উত্তরাধিকার নির্দেশকারী নথিতে পরিণত হয়েছিল, কিন্তু... @url	0	bn
তিনি ঠিক বলেছেন, তিনি কিছু পাওয়ার অধিকারী নন। শুভেচ্ছা	0	bn
দামেস্কের আত্মা আপনার পরে একটি খারাপ শো	0	bn
একজন মহিলার দৃষ্টিতে, হয়রানি হয়রানি থেকে যায় যতক্ষণ না সঠিক পুরুষ তা না করে...এবং এটি ফ্লার্টেশনে পরিণত হয়	0	bn
গেব্রান বাসিলের কার্ড কিছুক্ষণের জন্য পুড়ে গিয়েছিল, এবং এখন সে শুধু জেনারেলের জন্য খেলছে	0	bn
এটা নিশ্চিত, কিছুই পরিবর্তন হবে না, এবং আপনার জন্য আমি একটি বাক্য বলব যা আমার বিশ্বাসের বাইরে, তাকে ব্রাভো, জেব্রান বাসিল, সেড্রোস ব্যাঙ্কের গল্পে, একভাবে...	0	bn
@ ব্যবহারকারী এই সৌন্দর্য মানে কি!	0	bn
কে এই শাইখ?কে ওয়াহাব আর কে তালাল?তারা একে অপরের প্রতি অনুগত নয়, দুনিয়াতেও নয় আখেরাতেও নয়।এমন কিছু নেই...	0	bn
@ব্যবহারকারী এটি একটি ষাট বছর বয়সী শূকরের ঘোমটা। এটি আলাউনের কুকুর	0	bn
@ব্যবহারকারী মনে হচ্ছে শেখের পরিবার শূকর ছিল যারা একই শস্যাগারে বেড়ে উঠেছিল, ভদ্রলোক এবং ভদ্রলোক	1	bn
সাবধান, আমার পরিবার. .. আফ্রিকান চ্যাম্পিয়নশিপে চমক অব্যাহত। Wydad এবং Mazembe @url এর প্রস্থান	0	bn
আপনি দীর্ঘজীবী হোন, পাহাড়ের শেখ	0	bn
হয়তো কেউ শিখবে	0	bn
শক্তিশালী যুগ, শিল্পী জেইন আল-ওমর, আমি গেব্রান বাসিলকে ভালবাসি, এবং তার প্রতি আমার ভালবাসা জন্মভূমির প্রতি আমার ভালবাসা থেকে উদ্ভূত, এবং তিনি একজন সফল রাষ্ট্রনায়ক যিনি কাজ করেন	0	bn
দামাস্কাস ছিল, প্রতিনিধিরা বলেছিল, যতক্ষণ না তারা এটি দখল করে নেয়, আসাদের বাড়ি এবং দামেস্ক আর দামেস্ক ছিল না এবং আসাদের হাতে হয়ে যায়।	0	bn
@ব্যবহারকারী তার বর না থাকলেও সে একাকী এবং একা থাকবে এবং কেউ তাকে মিশরীয় মানুষ হিসেবে ভাববে না, ভদ্রলোক।	0	bn
গেব্রান বাসিল পনেরটি গরু কিনে দশটি রোপণ করে বাকিগুলো ফ্রিজে রেখে খেলেন ডিমে তেলের পরিমাণ কত?	0	bn
গেব্রান বাসিল পররাষ্ট্র মন্ত্রণালয়ে আসার আগে, আমি একজন গতিশীল, সাহসী মন্ত্রীর আগমনের আশা করছিলাম যিনি সত্তা ধ্রুবক রক্ষা করতে সক্ষম	0	bn
যারা জিবরানকে এক বছরের জন্য লেবাননের জন্য তৈরি করেছে তাদের এক চতুর্থাংশ দেওয়া উচিত	0	bn
কোন বেদুইন পশু নেই আমরা সিরিয়ায় আছি কেউ যদি বলে যে ধর্ম আলাউইত বা সুন্নি তাহলে তার মাথায় চূর্ণ করা হবে আমরা সিরিয়ার ধর্ম তুমি বেদুইন।	1	bn
আমি শপথ করি, আমি অবাক হয়েছি যে একজন শত্রু এত ​​দিন ধরে আপনার সম্পর্কে কতটা যত্নশীল, এবং এটি তার জন্য গণ্য	0	bn
আপনার কাজ কি? হাসান ইয়াকুবের বাড়ির সামনে যে মিলিশিয়া দৃশ্য হয়েছিল, আপনি মন্তব্য করেননি, হে শরীফ, হে আফিফ, আমরা কেন জানি????	0	bn
@user mahoub নিষিদ্ধ এবং একজন হারেমে গাড়ি চালানো ভুল নয় যে নিজেকে গাড়ি চালানোর প্রয়োজন বলে মনে করে - প্রতিদিন সকালে আমি 5 জন হারেমকে গাড়ি চালাতে দেখি	0	bn
আপনি কি মনে করেন, আমাদের সাথে আসুন এবং আমাদের একটি স্বদেশ হোক?	0	bn
@user ওহ ভাল মানুষ, ঈশ্বরের কসম, তারপর ঈশ্বরের কসম, এই কুকুরটি আপনাকে একটি কাতারি শূকর, একটি তুর্কি শূকর এবং একটি বড় শূকরের গলা দিয়ে সম্মানিত করেছে... @url	1	bn
প্রেসিডেন্ট মিশেল আউন বহু বছর ধরে সহিংস দানবীয় প্রচারণার শিকার হয়েছেন	0	bn
তুমি আমাকে লুণ্ঠন করেছ, তাই আমাকে অনুসরণ কর	0	bn
আমরা বুঝতে পারি যে আপনি ওয়ালিদ বে বিচার বিভাগে হস্তক্ষেপ না করতে চান, কিন্তু আমরা জানি না, আপনি কিভাবে জানেন যে বিচারকের কাছে প্রমাণ পরিষ্কার?	0	bn
আরব ইস্যুতে আপনার উদ্বেগ এবং আরব জনগণের জন্য আপনার রক্তের উপর ভিত্তি করে আপনি সবকিছু দিয়ে নিজেকে বোকা বানাচ্ছেন।	0	bn
ইসরায়েলিদের বিতাড়িত এই মানুষদের একদিন জেগে উঠতে হবে এবং মিছিল মালিকদের বের করে দিতে হবে।লেবানন ছিল এই অঞ্চলের রত্ন, এটা নিষিদ্ধ নয়...	0	bn
ওহ অন্তর, আবু দিয়াবের হত্যাকারী ওয়াহাব ওয়াহাবের শাস্তি কে বন্ধ করবে?	0	bn
খোদার শপথ করে বলছি, তুমি একটু বেচে থাকবে, খুব সিরিয়াসলি, যারা বেঁচে থাকবে তারা আগেই মরে যাবে।আমাদের যদি একটা রাষ্ট্র থাকত, তাহলে তুমি এবং তোমার মতো মানুষ নাগরিক অধিকার থেকে বঞ্চিত হতাম।	0	bn
@user @user বন্য শূকর	0	bn
আমরা Zgharta, Lebanon, এবং Beit Franjieh এর কুকুর দেখব, এবং আমরা দেখব কিভাবে তারা পালাতে পারবে এবং নিজেদের বের করে দিতে পারবে।	1	bn
আপনি সিরিয়ানদের লেবাননে ফিরে যেতে বলছেন আপনি কি চান আমি এটা মেনে নিই? আপনি চিৎকার করছেন এবং আমি কারণ এবং চিন্তা শুনতে চাই...	0	bn
আপনার উপর আল্লাহর নাম বর্ষিত হোক, শালাত জাক্কা	0	bn
আপনি নিশ্চিত করার চেষ্টা করছেন, সাংবাদিক, এই স্পন্সরড বিজ্ঞাপনের পিছনে কে আছে এবং মন্তব্য করুন, কিন্তু আপনার কাছে সৌদি কমপ্লেক্স এবং একটি সাম্প্রদায়িক কমপ্লেক্স রয়েছে।	0	bn
শাম, ওহ তরবারি, অদৃশ্য হয়নি	0	bn
আমি শপথ করছি আমি বড় হয়েছি এবং প্রতিনিধি পাঠাতে শুরু করেছি	0	bn
"আপনি যদি বাইরে যান এবং একটি পর্দানশীল, সুসজ্জিত মহিলাকে দেখেন, যেন সে বলছে, ""এই নাও,"" তাহলে ইউসুফ (আঃ)-এর সতীত্ব থেকে গ্রহণ করুন এবং যদি আপনি একজন পবিত্র, পর্দানশীল মহিলাকে দেখেন তবে তার কাছ থেকে নিন। মূসা (আঃ)-এর মহানুভবতা।"	0	bn
Gebran Bassil এর টাইমলাইন সম্পর্কে সবকিছু ভুলে যান। দুই দিন হয়ে গেছে এবং তিনি কাউকে তাকে পরীক্ষা করতে দেখেননি।	0	bn
সম্প্রীতি, আপনার আলোকবর্তিকা দ্বারা, আমরা পরিচালিত এবং ঐক্যবদ্ধ, সচেতনতার কণ্ঠস্বর এবং মুক্তের উত্থান। আমাদের সম্প্রীতি একটি দৃঢ় বৃক্ষের মতো হয়ে উঠেছে, দুর্দান্ত ঘ্রাণ।	0	bn
হয়রানি আইন গোলাপ এবং হৃদয় নিষিদ্ধ	0	bn
মনে হচ্ছে আপনি আপনার জাতীয় দায়িত্ব পালনে ব্যর্থ হচ্ছেন	0	bn
তোমার তেলাপোকা বন্ধ করো, তেলাপোকা, তুমি বিশ্বাসঘাতক, তুমি এজেন্ট, তুমি সামন্ত প্রভু ওয়ালিদ জাম্বলটের গোলামী, তুমি পাল, যথেষ্ট অপমান আর অপবাদ, তোমার সাথে যথেষ্ট বাণিজ্য।	1	bn
গেব্রান বাসিল কি বলেছিল বুঝতে চায় যারা উপস্থিত হতে অভ্যস্ত? তিনি যা বলেছিলেন তা অনুবাদ করতে এবং প্রতিক্রিয়া জানাতে এবং অনুবাদ করতে তাদের এখনও এক ঘন্টা লেগেছিল...	0	bn
এবং এই ত্রুটিটি ঠিক করার উপায় @url	0	bn
দেখা যাচ্ছে যে কেউ আমাকে ফোন করেছিল এবং বলেছিল যে মন্ত্রী গেব্রান বাসিল রাশিয়ান রাষ্ট্রপতিকে ফোন করেছিলেন এবং তাকে বলেছিলেন যে শীর্ষ সম্মেলনে অংশগ্রহণকারী নেতাদের ডাকতে ...	0	bn
আউনি, ঈশ্বর নেই	1	bn
ঈশ্বরের কসম, আপনি ছাড়া আর কেউ মনোরোগ বিশেষজ্ঞকে দেখতে চায় না, মনে হচ্ছে জেনারেল ওসমান, আপনার কাজ হিস্টেরিক্যাল	0	bn
বিচার দিবস পর্যন্ত আমরা একেশ্বরবাদী	0	bn
সচরাচর	0	bn
ধন্যবাদ, প্রফেসর ওয়াহাব, দামেস্ক চমৎকার, এবং আমাদের কবি, ডেপুটিরা, সেই বিস্ময়কর এবং সুন্দর, এবং আমি আপনাকে অভিবাদন জানাই, আপনি আমাদের তাদের স্মরণ করিয়ে দিয়েছেন, আপনি চমৎকার এবং সুন্দর, আপনাকে ধন্যবাদ	0	bn
যাতে একজন মহিলা একজন মানুষ হিসাবে বেঁচে থাকতে পারে এবং একজন পুরুষের চেয়ে কম নয়, কারণ বৈজ্ঞানিক এমন কিছুই নেই যা প্রমাণ করে যে সে যে কোনও উপায়ে তার চেয়ে ভাল, এবং তারপরে হয়রানি বা... @url	0	bn
আহা, মিঃ হাসান উইকিলিকসের সাথে জেব্রান বাসিলের সাথে তার সম্পর্কের আন্তরিকতা প্রমাণ করেছেন, যিনি আমেরিকাকে প্রকাশ্যে এবং গোপনে সম্বোধন করেছিলেন। আরেকটি বক্তৃতা।	0	bn
জেব্রান বাসিলের মতো হবেন না	0	bn
@ব্যবহারকারী এই পোকা, আবু ওয়ুন, একজন বিশ্বাসঘাতক, আল সৌদের শূকরদের একজন	1	bn
আপনার কাজিনকে সম্মান করুন; গুরুত্বপূর্ণ বিষয় হল ব্রাজিল কাপ জিতবে না, এবং আমরা দেখব	0	bn
মহামান্য, আপনি কী জবাবদিহি করতে চান? লেবানন স্থবিরতা এবং অস্থিরতার গোলকধাঁধায় ডুবে যাচ্ছে এবং জনগণের খরচে সন্দেহজনক চুক্তি করছে।	0	bn
আপনি নোংরা কথা না বলে, অভদ্র না হয়ে এবং কাউকে অবমূল্যায়ন না করে কমিক হতে পারেন!	0	bn
আমরা একরকম দেশে আছি	0	bn
কিন্তু এই প্রতিবেদনে অদ্ভুত ব্যাপার হল সৌদিরা উটের মূত্র পান করে, তাই তাদের আচরণের জন্য ক্ষমা করা হয় @user	1	bn
করুণা, আমার বন্ধু, তুমি আমাদের সাথে ক্লান্ত	0	bn
আপনি তাদের মেরে ফেলুন, মানে, না, তারা গোল করে না। তাদের যেতে দিন এবং তাদের সাথে মজা করুন, তারা এটি ছাড়া বিরক্ত হবে।	0	bn
@user এটি একটি হিন্দু স্লোগান	0	bn
@user @user @user @user হ্যাঁ, মুহাম্মদ, সুদানের খার্তুমে 50 বা 70 বছর বয়সী হিন্দু আছে এবং… @url	0	bn
আপনি এখনও বলছেন যে আমি মনে করি আপনি বন্দী	0	bn
যতদিন আমাদের সমাজে সম্প্রীতির একটি গুরুত্বপূর্ণ মডেল থাকবে ততদিন এটি আরও বেশি করে ভেঙে পড়বে	1	bn
আমাদের গায়ে স্তূপ জমে গেছে	0	bn
@user @user হাহাহা, এটা উটের প্রস্রাব। এখন আপনি আপনার অজ্ঞতা বাড়িয়ে দিয়েছেন। আপনি যদি রাফিদি হন তবে আপনার দোষ নেই, এবং আপনি যদি সুন্নি হন তবে আপনার কথা প্রমাণ করে যে আপনি... @user	0	bn
আমরা রাজনীতির ক্ষেত্র বেছে নেওয়ার জন্য মহামান্য মন্ত্রী গেব্রান বাসিলকে ধন্যবাদ জানাই, কারণ তার উপস্থিতি না থাকলে, অনেক মিডিয়া পেশাদাররা আগে বাড়িতে থাকতে বাধ্য হতো...	0	bn
আর মাল #জায়েজ যদি ঠোঁটের পার্থক্য না হতো	0	bn
নারী হয়রানির ঘটনার একটি কারণ: @url	0	bn
আমি তোমাকে দেখেছি, ভালভার্দে, তুমি শূকর, গুওওওওওওওওওওওওওওওওওওওওওওওওওওওওওওওওওওওওওওওওওওওওওওওওওওওওওওওওওওওওওওওওওওওওওওওওওওওওওওওওওওওওওওওওওওওওওওওওওওওওওওওওওওওওওওওওওওওওওওওওওওওওওওওওওওওওওওওওওওওওও শূকর ম্যালকম।	1	bn
মনে রাখবেন কাতারের পেছনে ধ্বংসযজ্ঞ ছাড়া আর কিছুই নেই	0	bn
ভাই, আমরা আপনার যোগ্য নই এবং আমরা আপনাকে মূল্য দিই না, আপনার স্থান অজ্ঞতায় নয়, আপনার স্থান সিরিয়ায়	0	bn
হাহাহাহাহাহাহাহাহাহাহা সে উত্তর দিবে না কারণ এটা লজ্জাজনক, বিশ্বাস করুন, কিন্তু আপনি যদি জানতে চান এবং আমি ওহাবের অতীত সম্পর্কে জিজ্ঞাসা করতে চাই, আপনি উত্তরটি জানতে পারবেন।	0	bn
তারা যাই বলুক না কেন, তারা কিছুই অর্জন করতে পারবে না।আল্লাহ প্রফেসরকে হেফাজত করুন এবং তাকে দীর্ঘায়ু দান করুন	0	bn
গাধার প্রস্রাবের সাথে মেশানো উটের মূত্রের ক্যালিবার @user	1	bn
অবশ্যই তারা সবাই বেশ্যা এবং দুর্নীতিবাজ	1	bn
@user @user মুক্ত, সাহসী, সম্মানজনক এবং খাঁটি, আপনার নাক সত্বেও, আপনি শুয়োর, আপনি এবং যারা আপনাকে অর্থায়ন করে তারা বিশ্বাসঘাতক, ঘৃণ্য, বিদ্বেষপূর্ণ... @url	1	bn
এটি একটি কোরানের সমীকরণ, মহামান্য, আমরা আপনাকে ছাড়া অন্য সম্প্রদায়কে আনব এবং তারপর তারা আপনার মতো হবে না।	0	bn
"রিটুইট এবং লাইক পাওয়ার সর্বোত্তম উপায় হল মন্ত্রী বাসিলের সাথে একটি সাক্ষাত্কারের অংশ কেটে ফেলা, অবশ্যই একটি অসম্পূর্ণ অংশ, এবং তারপরে এটি টুইট করুন এবং বলুন, ""জিব্রান স্বাভাবিককরণের সাথে আছেন।"""	0	bn
জয়ন আল-ওমর, এই কারণেই আমি জেব্রান বাসিলকে ভালোবাসি	0	bn
ওয়াহহাবের শক্তিশালী আক্রমণ কেবল মন্দকে ঠেলে দেয়	0	bn
বুঝলাম না বাবার ভুলকে মানুষ কিভাবে জায়েজ করে! আপনি দেখেন, তার সাথে কাপড়ের কোন সম্পর্ক নেই, সে অভ্যন্তরীণভাবে অসুস্থ এবং তার মানসিক চিকিৎসা প্রয়োজন। মানে, এমনকি বাবাও তাকে ভয় পায়!!!… @url	0	bn
@user @user আমি সোমালিয়া থেকে এসেছি এবং আমি সৌদি আরবে থাকি। আমি শপথ করে বলছি আমি পার্টির একজন ছিলাম, কিন্তু আমার নায়ক সবচেয়ে বেশি মিথ্যা বলেছিল। যারা হারেমের ভিড়ের সমান ছিল, আমার নায়ক মিথ্যা বলেছেন।	0	bn
লেবাননে দুটি মামলা হয়েছে	0	bn
এই প্রবণতাগুলির সাথে জিনিসগুলি যতটা খারাপ হয়ে গেছে, এমন সময় আসে যখন আমি আধা ঘন্টা কিছু মিস করি এবং পড়ি যাতে বোঝা যায় কে কার সাথে আটকে আছে এবং কে ঝুলে আছে হাহাহা এবং ফাজরা	0	bn
বিড়ালের মতো লুকিয়ে খায়	0	bn
মুক্ত দেশপ্রেমিক আন্দোলনের কর্মকর্তা নাজি হায়েক ইসরায়েলের সাথে স্বাভাবিককরণের ন্যায্যতা দেওয়ার জন্য আন্দোলনের নেতা গেব্রান বাসিলের পদাঙ্ক অনুসরণ করেন। নাজি	0	bn
প্রত্যেক ব্যক্তি যে তার পেজে প্রোফাইল হিসাবে গেব্রান বাসিলের একটি ছবি রাখে এবং তার টুইটগুলি রিটুইট করে, আমার টুইট পছন্দ করে ❤	0	bn
আপনার অস্ত্র লোড করুন, আপনার ছুরির জন্য লক্ষ্য করুন এবং যুদ্ধে যান	0	bn
আমার অসুস্থ ভাই, আপনার মধ্যে মারাত্মক রোগ ছড়িয়ে পড়ার আগে মানসিক হাসপাতালে যান	0	bn
একটি প্রাচীন অতীতের স্বয়ং একটি বার্তা, আমি শপথ করছি	0	bn
আরব সামিটের উদ্বোধনে মহামান্য মন্ত্রী গেব্রান বাসিলের ভাষণ থেকে	0	bn
আপনি কি সেই ব্যক্তি ছিলেন না যিনি বলেছিলেন যে রফিক হারিরির হত্যার সাথে উইসাম আল-হাসানের কিছু সম্পর্ক ছিল এই অর্থে যে আপনি এবং উসমান একে অপরকে পৃথিবী থেকে দূরে ব্ল্যাকমেইল করছেন এবং বোঝা কমিয়েছেন?	0	bn
ঠিক আছে, সৌদি আরব কী করেছে? সিরিয়ায় সন্ত্রাসবাদকে সমর্থন করেনি, এবং আপনি আপনার সর্বশেষ চেহারায় এর প্রশংসা করছেন? কেন ডাবল স্ট্যান্ডার্ড	0	bn
শুয়োরের সামনে তোমার গহনা নিক্ষেপ করো না, যীশু বললেন।	0	bn
ভাষাগতভাবে, বিভ্রান্তিকর বন্ধ করুন, আরব তাওহিদ পার্টির প্রেসিডেন্ট মি	0	bn
আমি বলতে চাচ্ছি, এই গেব্রান বাসিল নামের সেই ব্যক্তি, যদি তিনি দেশের স্বার্থে একটি ভালো কাজ করেন, বিদ্যুৎ গল্প থেকে লেবাননের পাসপোর্ট পর্যন্ত, যদি তিনি কিছু করেন...	0	bn
বোঝার ক্ষতি, ডাক্তার	0	bn
একজন ব্যক্তি সামাজিক সিঁড়িতে কোথায় পড়ে + তার চারপাশকে প্রভাবিত করার ক্ষমতার পরিমাণ + তার স্মৃতি এবং আগে যারা ছিল তাদের বিষয়গুলির সাথে পরিচিতি…	0	bn
সাইয়েদ নাসরাল্লাহর বক্তৃতার অন্যতম গুরুত্বপূর্ণ উল্লেখ ছিল রাষ্ট্রপতি আউন এবং মন্ত্রী গেব্রান বাসিলের প্রতি আস্থা সম্পর্কিত কিলেক্স নথির উল্লেখ।	0	bn
তুমি যারা তিন দিন ধরে সন্ত্রাসী জামাত সংগঠনের শুয়োরের জন্য কাঁদছ	1	bn
উটের প্রস্রাব এক তৃতীয়াংশ দখল করে... @user	0	bn
গেব্রান বাসিল, টানা দ্বিতীয়বারের মতো, ইসরায়েলের অস্তিত্ব ও নিরাপত্তার অধিকার স্বীকার করেছেন	0	bn
আমি বলার চেষ্টা করছিলাম যে লেবানন এবং আমাদের জাতীয় ঐক্য দরকার। এমন লোকদের সাথে যেকোন কিছু ঘটতে পারে যারা ইহুদিবাদী শত্রুর এজেন্ট, এবং তারা সমস্ত ঔদ্ধত্যের সাথে আমাদের রাইফেলগুলিকে আক্রমণ করার সাহস করতে চায়, যা তাদের থেকে পবিত্র এবং তাদের সমর্থকরা।	1	bn
প্রচারিত তথ্য অনুযায়ী, উপসাগরীয় দেশগুলো থেকে প্রধানমন্ত্রী সাদ হারিরি অর্থ বিনিয়োগের প্রতিশ্রুতি পেয়েছেন	0	bn
Gebran Bassil হয়তো আমাদের পশ্চিমাদের শেখানো উচিত কিভাবে বাজেট ছাড়াই দেশ চালাতে হয়	0	bn
যদি কোন কর্মচারী তার বসের উপর রাগান্বিত হয়, তাকে বলুন আমি আপনাকে কত বাড়তি ঘন্টা দেব এবং গেব্রান বাসিলকে অপমান করব আমাদের কাজ হল বসে আত্মরক্ষা করা??	0	bn
দামেস্কের সাথে কোন সমস্যা নেই, তবে সমস্যাটি দামেস্কের শাসক শাসনের সাথে। সিরিয়াকে বাশার আল-আসাদের শাসন বা ব্যক্তির কাছে হ্রাস করা যাবে না।	0	bn
আরব অর্থনৈতিক ও সামাজিক উন্নয়ন শীর্ষ সম্মেলন বাস্তুচ্যুত এবং শরণার্থী সংকট সংক্রান্ত একটি গুরুত্বপূর্ণ লেবাননের প্রস্তাব অনুমোদন করেছে।	0	bn
হে লেবাননের বোনের দল, তোমরা মৃত ব্যক্তিকে হত্যা কর এবং তার অন্ত্যেষ্টিক্রিয়ায় হেঁটে যাও, এবং ইতিহাস তোমাদের প্রতি দয়া করবে না, মারব লেবাননের সাথে বিশ্বাসঘাতকতা করেছে।	1	bn
শূকর সত্যিই তাদের ত্বক নোংরা করে	1	bn
খালদার সাথে ওয়াহাবের এনকাউন্টার কারো বিরুদ্ধে পরিচালিত নয়	0	bn
মহামান্য মন্ত্রী, আপনি যখন বোন সিরিয়ার জন্য উল্লাস করেন তখন পরিস্থিতি একই হয় এবং সমস্ত আরব আমাদের প্রতি শত্রুতা করে। আমাদের দুর্ভাগ্য যে প্রতিটি দল বিদেশে উল্লাস করে,...	0	bn
আসুন গেব্রান বাসিলের সাক্ষাত্কার থেকে টুইটগুলি মুছে ফেলি এবং কমরেড মাদুরোর সাথে সংহতির টুইটগুলি আমাদের পাঠাই৷	0	bn
আগামীকাল সে তার জিনিসপত্র গুছিয়ে তার এক চতুর্থাংশ পাবে, কিন্তু সে এখানে রুটি বানানো বন্ধ করে দেবে	0	bn
নবী বেরি: মহামান্য রাষ্ট্রপতির সাথে আমার চমৎকার সম্পর্ক রয়েছে	0	bn
জরুরী: লেবাননের পররাষ্ট্রমন্ত্রী গেব্রান বাসিল, কাতারের আমির, শীর্ষ সম্মেলনে যে অবরোধ আরোপ করা হয়েছিল তা ভেঙে দিয়েছেন এবং আমরা তার ব্যক্তিগত অংশগ্রহণের পদক্ষেপের জন্য তাকে ধন্যবাদ জানাই।	0	bn
তারা কি সত্যিই গবেষণা কেন্দ্র?	0	bn
@user @user Today’s bats, Haden Hamlin, হ্যাশট্যাগ, যার অর্থ দেরী করে ঘুমানো বা ঘুমানো ভালো। উটের প্রস্রাব বেশি… @user	0	bn
মনে আছে?	0	bn
যদি আদৌ কোনো দেশ থাকত, তাহলে তারা আপনাকে অবিলম্বে কারাগারে রাখত	0	bn
আপনি যদি জেব্রান বাসিলের বাড়ির কাছাকাছি থাকেন তবে দেখুন তিনি জানালায় আছেন কিনা	0	bn
এটি একটি ভিডিও এবং একটি দৃশ্য৷ আপনার হাতে লঙ্ঘনের জন্য নথি আছে? যদি তাই হয়, মানহানি ছাড়াই উপযুক্ত বিচার বিভাগের কাছে জমা দিন৷	0	bn
"প্রিয় উইম, ""রাদিদা"" মানে কি?"	0	bn
হাজার মিসাইল কোথায়? দেখবেন, লেভান্ট চালনিতে পরিণত হয়েছে	0	bn
এটা সত্য যে আপনার মত একজন যিনি ইরানের অর্থের উপর নির্ভরশীল, লেবানন তার শেষ উদ্বেগ	0	bn
সৌদি তুমি সব অম্ল, অহংকার নয়	0	bn
@user @user @user @user উটের প্রস্রাব। আপনার পূর্বপুরুষরা উটে চড়তেন এবং তার ওপরে ঘুরে বেড়াতেন, এর মতো নয়... @user	0	bn
বলতে পারেন এই তিন নায়ক কারা?	0	bn
তুমি কে, শাখাখা, তুমি দুনিয়াকে শেখাতে চাও? তুমি কবে থেকে হয়েছ, আউনিয়া, বুঝলে? তোমার যদি কিছু বোধগম্যতা এবং সম্মান থাকে, তাহলে তুমি এমন একজন প্রতিবন্ধীর পিছনে হাঁটতে না যে সিরিয়ার শাসকের কাছে নিজের সম্মান বিক্রি করে ঘুমিয়েছিল? অপরাধের সিংহের অস্ত্র আমাদের নেতাদের হত্যা করার জন্য এবং আমাদের খেয়েছে। সে আমাদের পিছু নিল, এবং তার শত্রু আমাদের উড়িয়ে দিচ্ছে এবং হাসান নাসরাল্লাহর মিলিশিয়াদের ডানার নিচে হাঁটছে। ফিরে গিয়ে দেখ, আউনিয়া, তোমার কমলা বই। তুমি কি? আমি কি বোঝাতে চাইছি?	1	bn
আপনি যে তাদের সম্পর্কে উল্লেখ করেছেন তাদের লোকেরা কতটা ভাল?	0	bn
মিস্টার কাফের প্রেসিডেন্ট বাশার আল-আসাদ নবীর জন্মদিন উদযাপন করছেন। বিজ্ঞ নেতৃত্ব আপনাকে ভালোবাসে	1	bn
লোকটি আপনার প্রজাতন্ত্রের রাষ্ট্রপতির কাছে ক্ষমা চাইছিল এবং তার শ্যালক তার হাঁপানি নিয়ে চিন্তিত ছিল এবং ফোন করছিল	0	bn
তুমি সিরিয়ান, দ্রুজ নিশ্চিত, অথবা আলাউইট, বা খারবাতালি, চুপ করো না, আমি তোমার সাথে যোগ দেব।	1	bn
আপনি শুধু হাহাহা টুইট করার জন্য যথেষ্ট স্মার্ট, আমাদের কাজ শেষ, আপনি কাল দুর্নীতিবাজ ক্ষমতায় ছিলেন না কিন্তু আপনি একজন মন্ত্রী হয়ে এসে আপনার মন পরিবর্তন করেছেন	0	bn
Wydad, তারকা এবং Mazembe এর পর, আপনার পালা, মারমেইড #Africa_oh_my_family	0	bn
অধিকার নিষ্ঠুর মানুষের বিরুদ্ধে, যারা কেবল সম্প্রদায়ের নেতা, যিনি হামাগুড়ি দিয়ে হাঁটু গেড়ে বসে আছেন। কেউ তার কাছে আসে, দৌড়ে রক্তের চিৎকার করে।	1	bn
আমাদের একটি নতুন মগজ ধোলাই করা দরকার এবং সবকিছু ঠিকঠাক ফিরে আসবে, ঈশ্বর ইচ্ছুক। তারা হাশিশকে বৈধ করেছে	0	bn
পুনর্গঠনের সময় আসাদের সমর্থকদের শাস্তি দেওয়ার জন্য আমেরিকান সিদ্ধান্ত জারি করার পর, ইয়েমেনের রাজধানীতে সিরিয়ার পুনর্গঠনের জন্য একটি সম্মেলন অনুষ্ঠিত হওয়ার খবর…	0	bn
আমাদের একজন সিরিয়ান এজেন্ট দরকার, জামারলাকের গায়কদলের ড্রামার, আনিসার বেশ্যার ছেলেরা	1	bn
ঈশ্বর এই সম্প্রদায়কে শক্তিশালী করুন এবং এর মুক্ত ব্যক্তিদের এবং আমাদের শাইখদের আশীর্বাদ করুন, যাদের আমরা আমাদের অবস্থা দেখতে পাই, আপনি দীর্ঘজীবী হোন মহামান্য মন্ত্রী।	0	bn
নেপোলিয়ন, তার ছোট আকারের সত্ত্বেও, অর্ধেক বিশ্বের দখল করেছিলেন	0	bn
একজন ফিটনেস প্রশিক্ষকের বিরুদ্ধে জিমের ভিতরে একজন মহিলা ছাত্রীকে হয়রানির অভিযোগে বিচার করা হয়েছে	0	bn
মহামান্য মন্ত্রী, আপনার সমস্যা কাতারের সাথে নয়, আপনার সমস্যা যে কোনো রাষ্ট্রপতি বা আমিরের সাথে যারা একটি শীর্ষ সম্মেলনে আসেন, কারণ আপনি শীর্ষ সম্মেলনে সফল হতে চান না যে আপনি এমন একটি দলের সাথে আছেন যারা শীর্ষ সম্মেলনের বিপক্ষে।	0	bn
ছেলেটি, গেব্রান বাসিল, একটি বিরক্তিকর মানসিকতার কারণে তিক্ত ভাষায়, বিবেচনা করে যে কাতারের আমির শীর্ষ সম্মেলনে যোগ দিয়ে দোহার অবরোধ ভেঙেছেন।	0	bn
স্বদেশ কী এবং এই স্বদেশ কী তা জানার জন্য আমাদের জনগণ হতে হবে	0	bn
আর যারা প্রতিরোধ করে রাষ্ট্রের সাধারণ মানুষের ওপর হামলা আপনার সহযোগী, হে দুর্নীতিবিরোধী মানদণ্ডের ধারক-বাহক আপনি কেন সেদিকে চোখ বুলিয়ে নিচ্ছেন?	0	bn
কতটা Wiam ধরে রেখেছিলেন?	0	bn
স্কুলের পরে এবং স্বামীরা কাজে যাওয়ার পরে, বেশিরভাগ হারেম স্নেহ এবং রোমান্স হারিয়ে ফেলে, যদিও তাদের সকালের সেরা পরিবেশ, সমতল... @url	0	bn
হাহাহা, সৌদি, এই ধর্মত্যাগী, পুত্র থেকে পুত্র, এবং দ্বিতীয় জিনিসটি কুর্দি	1	bn
হ্যাঁ, সিরিয়া আরববাদের স্পন্দিত হৃদয় এবং ওয়াহাবি ও আখওয়ানজি সন্ত্রাসের বিজয়ী, ন্যাটো ও ইসরায়েলের এজেন্ট, এর দেয়াল ভেঙ্গে গেছে।	0	bn
লেবাননের মারাদা আন্দোলনের সাথে সম্পৃক্ত একটি খ্রিস্টান কুকুর সুলেমান ফ্রানজিহ মাজালিয়া এবং লা আরিনিয়াহ এলাকায় তার দলকে চিরুনি দিচ্ছে।	1	bn
যদি সাইয়েদ নাসরাল্লাহ এরকম কিছু বলে থাকেন, তাহলে আমাদের সবারই এই প্রশ্ন করার অধিকার আছে যে তিনি যা বলেছেন তাকে তিনি কী বলছেন।গেব্রান বাসিলের গল্প বারবার বলা হয়েছে, তাহলে এই কে?	0	bn
অর্থনৈতিক শীর্ষ সম্মেলনের উদ্বোধনে মন্ত্রী গেব্রান বাসিলের বক্তৃতা লেবানিজদের আকাঙ্ক্ষার উপর নির্ভর করেনি। প্রতিনিধিদলকে কী কী তা জানানোর উপর মনোযোগ কেন্দ্রীভূত করার পরিবর্তে...	0	bn
প্রকৃতপক্ষে, বৃহত্তম আরব দেশটির প্রায় 100% অভ্যন্তরীণ সিদ্ধান্ত রয়েছে এবং রাষ্ট্র এটিতে কাজ করে বাজেট ছাড়া এবং সরকার ছাড়াই।	0	bn
আমরা একমত যে হত্যাকারী তার শাস্তি যে পক্ষ, দল, আন্দোলন, সম্প্রদায় বা কর্তৃত্বেরই হোক না কেন, এবং এটি প্রয়াত মুহাম্মদ আবু দিয়াবের ক্ষেত্রে।	0	bn
সত্যি কথা বলতে, এটা অবিশ্বাস্য যে আপনি তার বাহুতে বসে আছেন এবং তার ঘাড় স্পর্শ করছেন না	0	bn
নেত্রী, আমরা আপনার মত মানুষ চাই যারা আল্লাহকে ভয় করে এবং সত্যের কথা বলে এবং সচেতন মানুষ যারা দুর্নীতি ও আরববাদের মধ্যে পার্থক্য করতে পারে।	0	bn
যদি রাজনৈতিক সাহায্য আপনার হৃদয়কে উষ্ণ করে, রাজনৈতিক বাসিলিয়া আপনাকে উড়িয়ে দিতে এবং আপনার দুঃস্বপ্নের সকাল, দুপুর এবং রাত থেকে মুক্তি দিতে আসবে। Gebran Bassil	0	bn
@user @user হয়রানিমূলক আইনটি সরিয়ে ফেলাই ভালো কারণ এটা যুক্তিযুক্ত নয় যে আমরা জাগরণের বুদ্বুদে বাস করি যা লিঙ্গের মধ্যে পার্থক্য করে... @url	0	bn
আপনি কি ভুলে গেছেন যে এই রাজপুত্রের বাবা এবং মা যুদ্ধের পরে প্রথম লেবাননে গিয়েছিলেন এবং দক্ষিণে গিয়ে অর্থায়ন করেছিলেন?	0	bn
এটা কোন সমস্যা নয়, আমরা আপনার কাছ থেকে কাজিনকে সরিয়ে দিচ্ছি, আমাদের শুধু একটি অনুগ্রহ দরকার	0	bn
যান এবং আরবি শিখুন, আপনি প্রথমে যা জানেন তা হল ইংরেজিতে কী বলা হচ্ছে তা বুঝতে হবে	0	bn
কবি আবু কাসিম আল শাব্বি বলেছেন: মানুষ যদি একদিন জীবন চায়, তবে ভাগ্য অবশ্যই সাড়া দেবে, এবং রাত অবশ্যই শেষ হবে, এবং ...	0	bn
অনেক একক প্রবাসীর মধ্যে একজন আপনাকে কিনেছে	0	bn
এটা সহজ, এখন তারা অনুভূতি এবং সামান্য সাম্প্রদায়িকতা পূর্ণ একটি বক্তৃতা করছেন, এবং পরিস্থিতি চলে যায় এবং গন্ধ চলে যায়	0	bn
আপনি যেমন চান, তবে এটি হবে জেব্রান বাসিলের জীবনের দীর্ঘতম দ্বিতীয় এবং রাষ্ট্রপতি পদের জন্য তার স্বপ্ন।	0	bn
আর এবার কি রাসায়নিক হামলার শিকার ঝাউতার মানুষ?	0	bn
অভিশাপ বর্ষিত হোক কাতারের জনগণ, সরকার ও অধিবাসীদের উপর	1	bn
জার্মান নাগরিকত্ব সহ একজন গ্রীক আর্মেনিয়ান, যার জন্ম সিরিয়ায়, যার অর্থ তার বাবা ছিলেন কালব শরণার্থী। সিরিয়ার ইবনে শেহাতা তার নিজের কোম্পানির সামনে একজন লেখক। মার্কেলকে অবশ্যই চলে যেতে হবে। ইয়াহাইফ, আপনাকে ফাভা বিনস এবং ছোলার জন্য ধন্যবাদ আমাদের দেশে খেয়েছে, সরমায়ার ছেলে।	1	bn
কোলনব নিশ্চিত করেছেন, এক্সপ্রেস ম্যাগাজিনের সাথে একটি সাক্ষাত্কারের সময়, ট্রানজিট কৌশলটি আফ্রিকান শরণার্থীদের জন্য ট্রানজিট কেন্দ্র স্থাপনের মধ্যে সীমাবদ্ধ... @url	0	bn
ভিডিওতে, গেব্রান বাসিল ইহুদিবাদী সত্তার নিরাপত্তা নিশ্চিত করার অধিকার স্বীকার করেছেন	0	bn
কিন্তু আমি নিশ্চিত নই যে সিলো আমাকে অনেক হাসায়, বিশেষ করে যখন সে মজার কিছু করার চেষ্টা করে	0	bn
আপনি এবং আপনার সহকর্মীরা জেরুজালেমের জন্য কি করেছেন, শিক্ষক?	0	bn
যেন তুমি যুবকদের মতো দেখতে নাকি আমি ভুল, টমি?	0	bn
সিরিয়ার রাষ্ট্রপতি মহামান্য এবং পররাষ্ট্রমন্ত্রী গেব্রান বাসিলের অবস্থানকে মূল্যায়ন করেন এবং প্রশংসা করেন, যা মধ্যপ্রাচ্যে সংঘাতের তাদের কৌশলগত দৃষ্টিভঙ্গি থেকে উদ্ভূত...	0	bn
আপনার এবং ওয়াহাবের জন্য লজ্জা, যিনি আপনাকে সার্টিফিকেট দিয়েছেন তিনি ঘোষণা করেছেন যে আপনি দুজনেই একে অপরের চেয়ে বেশি নৃশংস।	1	bn
সংবিধান পরিবর্তন করুন এবং দেখুন এটি সাম্প্রদায়িক কিনা, আপনি যা চান আমি আপনাকে দেব। যাইহোক, খ্রিস্টানদের ফিরিয়ে দেওয়া লেবাননের জন্য ভুল নয়, এবং এটি	0	bn
গেব্রান বাসিল, আপনি প্রতিটি মহান এবং সম্মানিত লেবানিজদের প্রতিনিধিত্ব করেন। আপনি প্রতিটি উচ্চাকাঙ্ক্ষী লেবাননের প্রতিনিধিত্ব করেন। আপনি প্রতিটি অলস, উদাসীন রাজনীতিকের শত্রু। আপনি একজন শত্রু।	0	bn
আপনি এবং আপনার ধরনের অর্থের দাস, ব্যক্তিগত স্বার্থের জন্য সংকট খুঁজছেন	0	bn
এটা, আমার ভালবাসা, এবং বিষয় সম্পর্কে চিন্তা করবেন না	0	bn
আমি আশা করি আপনি মাতাল হয়ে যাবেন কারণ যথেষ্ট হয়ে গেছে। আবু দিয়াবের হত্যাকারী ওহাব ওয়াহাবের শাস্তি	0	bn
আপনি কি মনে করেন যে আমি আপনাকে ভয় পাই? মানে, আমি আপনাকে এবং আমিরাতকে ভয় পাই। এমন একটি মানুষ যারা আপনাকে এবং আপনার দেশের প্রতি সম্মান দেখায় না।	1	bn
বালবেক এবং দক্ষিণের শিয়ারা কাতারের কোম্পানি এবং হোটেলে কাজ করে, কারণ লেবানন ঘৃণ্য, আসুন সিদ্ধান্ত নেওয়া যাক।	0	bn
মানে ভিক্ষুকের অধিকার তোমার দিকে কাঁদছে, হাহাহা	0	bn
@user @user এই প্যাচওয়ার্ক কোন কাজে আসে না। ম্যাজিয়ন ধর্ম উন্মোচিত হয়েছে এবং এর আবরণ প্রকাশ করেছে, এবং বৃদ্ধের আগে তরুণরা জানে যে তারা এই সম্প্রদায়কে অনুসরণ করছে... @user	1	bn
@user @user কারণ যে একজন ইঁদুর পরিচালনা করে সে শূকরের লেজ	0	bn
আমি আশা করি আপনি কথা বলার চেষ্টা করার আগে, আপনি সত্যের সন্ধান করছেন। কিন্তু আপনি শুধুমাত্র একটি অবস্থান নিবন্ধন যত্ন	0	bn
সিরিয়ান না?? কে কোথায় তুমি?? লেভান্টে কি একজন খ্রিস্টান আছেন যিনি সিরিয়ান নন??	0	bn
আমরা পরিচিত সম্প্রদায়ের সকল সদস্যের ন্যায়বিচার অর্জনে আপনার সাথে থাকব	0	bn
যে কেউ বেকার মন্ত্রী গেব্রান বাসিলের জীবনীটির উত্তর দিতে চায় সে আমাল আন্দোলনের কর্মের চেয়ে নোংরা কথা শুনতে চায়।	1	bn
উড়ন্ত ছেলে আর কে, গেব্রান বাসিল?	0	bn
@user @user আফ্রিকান তারকারা ব্রাজিলিয়ান সহ বিশ্বের সেরা	0	bn
শু খাজা হাল খাজা	0	bn
আল-আজহারের স্নাতক মাতরৌহ শিরোনামে একটি ধর্মীয় সন্ধ্যার আয়োজন করেছে: হয়রানি নারী ও সমাজের বিরুদ্ধে একটি অপরাধ	0	bn
@user @user @user @user আমরা জানি না কিভাবে শিশুদের আনন্দ বোঝা যায়। উটের প্রস্রাব শুধুমাত্র চিকিৎসার জন্য একটি পানীয়, কিন্তু রেফারেন্সের জন্য... @user	1	bn
আমিরাত বোকামির দিক থেকে বিশ্বকে ছাড়িয়ে গেছে	1	bn
আপনি এমন একটি প্রশ্নের কথা বলছেন যার ফলাফলে একটি সাম্প্রদায়িক বিভক্তি রয়েছে, এতটাই তারা ফলাফলগুলি ড্রয়ারে রাখেনি	0	bn
আপনি কেবল একচক্ষুর জন্য মুক্তিদাতা	0	bn
ডাভোসের ওয়ার্ল্ড ইকোনমিক ফোরাম থেকে জেব্রান বাসিল লন্ডন এবং ওয়াশিংটনকে পরামর্শ দিচ্ছেন	0	bn
শুভকামনা, আমরা আপনার সাথে আছি এবং আমরা আপনাকে পড়ব	0	bn
কেউ আপনাকে এখানে থাকতে বাধ্য করেনি	0	bn
জেব্রান বাসিল অন্যথায় বলেননি, তার কথা ছিল কূটনৈতিক	0	bn
যে মাতৃভূমির সাথে বিশ্বাসঘাতকতা করেছে বা তার স্তর বাড়িয়েছে তার জন্য আমি বাঁচব না = তার পণ্য বাজারে হারিয়ে যাবে এবং কেউ তা কিনবে না	0	bn
আমাদের প্রিয় নেত্রী, এমন দুর্নীতিবাজ রাষ্ট্রের কাছ থেকে চুরি এবং জনগণের মিথ্যা প্রতিশ্রুতি দিয়ে দেশকে ঋণ ও চুক্তিতে প্লাবিত করা ছাড়া আর কী আশা করবেন?	0	bn
@ব্যবহারকারী ব্রে, তুমি গাধা, তুমি অশুচি, অপবিত্র শূকরের মত মরবে	1	bn
শাম রাউকোজ এবং তার পরে জেব্রান বাসিল	0	bn
আপনি মিথ্যা না বলে আমাকে বলেছেন এবং আমি আপনার মনের প্রতি শ্রদ্ধাশীল।প্রশ্ন: আমি যদি আপনাকে তাদের সম্পর্কে বলতাম, আপনি কি আমাকে ভদ্র ভাবতেন? আমি আপনাকে সব উপায়ে ধন্যবাদ, ভালবাসা এবং শ্রদ্ধা সঙ্গে	0	bn
জনপ্রতিনিধি ও নেতাদের কাছ থেকে চুরি করা অর্থ উদ্ধার করা এবং তাদের কারারুদ্ধ করাই এই দেশের একমাত্র সমাধান, এবং আমরা একটি নতুন স্বদেশ এবং একটি নতুন মানুষ পাব।	0	bn
@user এটা সব হয়রানি, কিন্তু এর মানে হল 40 বছর ধরে কোন হয়রানি হয়নি	0	bn
চাচা, কেউ তাকে সিরিয়ার নাগরিকত্ব দিন এবং তাকে আমাদের জায়গায় নিতে দিন	0	bn
আমরা জেনারেল আউনের আনুগত্য এবং গেব্রান বাসিলের আন্তরিকতা সম্পর্কে সাক্ষ্য আশা করিনি, কারণ তারা তাদের মহৎ মূল্যবোধ দিয়ে ইতিহাস রচনা করেছে, কিন্তু আমরা তাঁর বিশিষ্টতার কথার জন্য গর্বিত, যা নীরব...	0	bn
ওহ ঈশ্বর, লোকেরা ডেটা পরিবর্তন করেছে এবং আমি এখনও @url হারিয়েছি	0	bn
হারেমের মতো শোনাচ্ছে, ঠিক আছে @url	0	bn
কাতারের আমানত পাবলিক ডেট গেমের মতোই	0	bn
নির্ভরতা এবং বাধার একটি সময়। অবশ্যই, কে জেব্রান বাসিল পরিবর্তন করতে পারে?	0	bn
শ্রদ্ধেয়, আপনি গেব্রান বাসিল ছাড়া পুরো বিশ্বকে সম্মান করেছেন, এবং আপনি জেব্রান বাসিলকে অপমান করতে চান, আমি আপনাকে অপমান করতে চাই।	0	bn
সাইয়েদ আবদেল হাফিজ: আল-আহলি আফ্রিকান চ্যাম্পিয়ন্স লিগের ইতিহাসে একটি নতুন তারিখে	0	bn
আপনার কুকুরকে দোষারোপ করুন, আমাদের কুয়েতের মানুষ, সৌদি আরবের এই অংশটি একটি নোংরা, জঘন্য শূকর, আমাদের দিকে ঘেউ ঘেউ করছে। এটা লজ্জার ব্যাপার, এটা লজ্জার, এটা লজ্জার।	1	bn
গুপ্তহত্যার যুদ্ধ এবং অন্যান্য বিষয়ের আগের পর্বে লেবানন যে পরিস্থিতির সম্মুখীন হয়েছিল তা সত্ত্বেও, আমি বর্তমানের মতো পরিস্থিতি দেখিনি...	0	bn
@ব্যবহারকারী ঈশ্বর বলেছেন (এবং আপনার বাড়িতে থাকুন....) আপনি কি সন্তুষ্ট হবেন, বক্তা, আপনার স্ত্রী, কন্যা বা বোনকে সম্পূর্ণ পোশাকে সজ্জিত করে বাইরে যেতে হবে... @url	0	bn
তার কিছু সমর্থকের পারফরম্যান্স নির্বিশেষে, বিশেষত সোশ্যাল মিডিয়াতে, যারা ফাটলকে প্রসারিত করতে ইচ্ছাকৃতভাবে বা অনিচ্ছাকৃতভাবে অবদান রাখে।	0	bn
@ব্যবহারকারী হাহাহাহাহা ড্রোনটি বিমানবন্দরের নিচে নয়... উটের প্রস্রাব এবং এর প্রভাব স্পষ্ট...	1	bn
একজন বিবেকবান এবং দায়িত্বশীল মুসলিম, একজন সুন্নি মুসলিম, একজন শিয়া বা একজন ইহুদি, আমরা কি হিন্দুদের সমর্থন করব? তারা আমাদের পুড়িয়ে ফেলুক। তার মধ্যে কি এমন কোন নবী আছে যিনি অসভ্য? # সালেহ_আল-ফাদালা	0	bn
গেব্রান বাসিল, ধার্মিক লেবাননের জনগণ তাকে দেখে হাসে	0	bn
আল্লাহ আপনাকে হেফাজত করুন, জাতি গড়েছে তার যুবকদের দ্বারা	0	bn
আমরা আমাদের শক্তি দিয়ে সফল হয়েছি। মহামান্য রাষ্ট্রপতি এবং মহামান্য মন্ত্রী গেব্রান বাসিল আপনাকে ধন্যবাদ, উন্নয়ন শীর্ষ সম্মেলনকে সফল করার জন্য আপনি যা করেছেন তার জন্য এবং আপনি সবসময় দেশকে উন্নীত করার জন্য।	0	bn
@ব্যবহারকারী হারেমের পরিপ্রেক্ষিতে, একা কোঁকড়ানো চুল ইউরোপীয় মেয়েদের অর্ধেক.. ঈশ্বরের কসম, মোহাম্মদ সালাহ আরবদের মাথা ব্রিটেনের অর্ধেক করে তুলেছেন।	0	bn
যেন আপনি তার চাচাতো ভাই, তিনি তাকে রক্ষা করেছেন এবং চল্লিশের মতো কিছু তৈরি করেছেন	0	bn
খোদার কসম, তুমি একজন মিথ্যাবাদী, তুমি যার মাথা টাক এবং ভালো নৈতিকতা আছে, কিন্তু লোকটি বাকি চুল ছিঁড়ে ফেলতে পারেনি...	1	bn
আমাদের এমন পুরুষ দরকার যারা অপরাধমূলক শাসনের মুখপাত্র নয়	0	bn
একজন আবর্জনা লোক যারা উটের প্রস্রাব পান করা এবং পুরুষদের জল @ ব্যবহারকারীর সাথে ওষুধ খাওয়া উপভোগ করে	1	bn
সম্ভবত এটি নাগরিকত্বের একটি রাষ্ট্রের পথ	0	bn
এই সেই ইসরাইল যে প্রতিরোধকারী গেব্রান বাসিল বলেছিলেন যে তিনি ইসরায়েলের অস্তিত্বকে প্রত্যাখ্যান করেন না এবং এর নিরাপত্তা তার অধিকার।	0	bn
প্রথমবার যখন আপনি মন খারাপ করেছিলেন তখন আমরা আপনাকে বিরক্ত করেছিলাম এবং আমরা কেবল আপনাকে নিয়ে হেসেছিলাম	0	bn
অবশ্যই, Gebran Bassil, এবং ধূর্ত লুকানো হয়?	0	bn
জাওয়াহের কথাগুলো আপনার জন্য দারুণ	0	bn
মন্ত্রী	0	bn
একবার আমার সাথে কর্মরত কিউবার একজন আমাকে কুর্দিদের সম্পর্কে জিজ্ঞেস করছিলেন, তারা আরবদের থেকে কে এবং কতটা আলাদা। আমি কিছুটা বিভ্রান্ত হয়ে ঈশ্বরকে বললাম, আমি আপনাকে কী বলব জানি না। তারা ঠিক একই, কিন্তু একজন কুর্দি ভাষায় কথা বলে এবং অন্যজন আরবি ভাষায় কথা বলে।	0	bn
আমরা মাননীয় মন্ত্রী গেব্রান বাসিলের সাথে আছি	0	bn
এটি বাতরুনের এদেহ রোডের জেব্রান বাসিল প্রকল্পের ভবনগুলির একটি ছবি	0	bn
@user @user এটা ভুল যে আফ্রিকান, বাঙালি এবং উজবেকদের মধ্যে J1 এর সাথে কোন সম্পর্ক নেই	0	bn
Gebran Bassil, তাকে দোষারোপ করবেন না বা তার সমালোচনা করবেন না। শুধুমাত্র যে কাজ করে না সে ভুল করে না, এবং যে নিষ্ক্রিয় থাকে সে অবশ্যই লাভ করবে না, কোন অভিজ্ঞতা নেই।	0	bn
নিরাপত্তা বাহিনী আর্টিশিয়ান লাইসেন্সগুলিও পরিদর্শন করুক। যার ড্রিলিং রিগ আছে সে জানে কিভাবে জীবিকা নির্বাহ করতে হয়, বা গড় টাকাওয়ালা কেউ জানে না কিভাবে পানির কূপের জন্য অর্থ প্রদান করতে হয়।	0	bn
অসুস্থ মানুষের জন্য প্রতিরোধী, এই সস সিরিয়ান, ভাই রেজা বা ইরানী	1	bn
@user @user এটা ভুল। সমস্ত রাস্তা বন্ধ করে দেওয়া উচিত এবং হুথি শূকরদের নর্দমায় পুঁতে দেওয়া উচিত।	1	bn
ঠিক আছে, সমস্যা কি? আমি জেনারেল আউন নামে একজনকে ভালোবাসি এবং আমি গেব্রান বাসিল নামে একজনকে ভালোবাসি	0	bn
রাষ্ট্রদ্রোহ, মিথ্যা এবং প্ররোচনার স্রোত মূর্খদের স্রোত	1	bn
আপনি নিশ্চিত করতে হবে যে সেখানে কোন লাইসেন্স নেই, এবং দুর্ভাগ্যবশত, নাবাতিহে, হাজ্জাহ কারমাল, একটি টালিযুক্ত তাঁবুতে এই অঞ্চলের লোকেরা কোথায় বন্দী করেছে?	0	bn
ইরানের রেভল্যুশনারি গার্ডের ব্ল্যাক বক্স আমাদের পক্ষ থেকে ফুলের চারা রোপণ করছে, আপনার মতে	0	bn
এই বিলিয়ন লেবাননের প্রতি ভালবাসার বাইরে নয়, এটি বিবেক কেনার জন্য এবং সাহায্য করার জন্য ঘৃণ্য লোকদের কেনার জন্য একটি দান বা উপহার নয়।	0	bn
আপনার অবস্থার দিকে মনোযোগ দিন, এটি আপনাকে বিরক্ত করবে না	0	bn
কাতার সন্ত্রাসবাদের সমার্থক	1	bn
নাসরাল্লাহ সময়, যদি জেব্রান বাসিল ভেনিজুয়েলায় দৃঢ়তা ও সংঘাতের অক্ষকে সমর্থন করতে এবং পরিস্থিতির ব্যবস্থা করতে আসে তাহলে সাইয়েদের মতামত কী?	0	bn
সবচেয়ে খারাপ অনুভূতি হল যখন আপনি অনুভব করেন যে কেউ আপনার কাছ থেকে চুরি করছে এবং আপনি তাকে থামাতে পারবেন না কারণ সে আপনাকে বাধা দিচ্ছে 😎	0	bn
অবশ্যই, সুলেমান বেক ফ্রানজিহ, মহামান্য মন্ত্রী গেব্রান বাসিলের প্রতি আমাদের ভালবাসা এবং কৃতজ্ঞতা সহ	0	bn
আপনার কাছে, সিরিয়ার সরকার বিজয়ী ছিল এবং আপনার মাথায় মুকুট, আপনি দ্রুজ, আপনি বিশ্বাসঘাতক, যে আপনাকে অন্ধ করে তার জন্য আপনার আহ্বান বন্ধ করুন।	1	bn
তিনজন সবচেয়ে বড় মিথ্যুক, এমনকি একজন পণ্ডিত, তাদের মধ্যে প্রথম যে বলেছে নারীর কণ্ঠস্বর লজ্জাজনক, দ্বিতীয় জন যারা বলেছে নারীর ভূমিকা ঘরে, আর তৃতীয় জন যারা বলেছে পুরুষের সহ্য করার শক্তি। নারীর চেয়েও বড়।	0	bn
প্রতিবারই আপনি এমন কিছুর গন্ধ নিয়ে কথা বলেন যা ভালো নয়	0	bn
ইসরায়েল জিতেছে এবং আন্তর্জাতিক সমর্থন পায় কারণ কেউ ডাকছে	0	bn
ঠিক আছে, আত্মহত্যা করার চেষ্টা করুন যাতে আমরা দেখতে পারি	0	bn
সবাই বেহালার জন্য টানছে	0	bn
প্রফেসর উইম, ঈশ্বর আপনার সকালকে আশীর্বাদ করুন। আপনি অবস্থানের মালিক, সাহসী শব্দ এবং পাহাড়ের ঈগল	0	bn
গুলারজি দিয়ানির ভাই হয়ে উঠল	0	bn
আপনি কি সুস্থ হয়ে গেছেন, ডাক্তার? আপনি কি অনুসারী নন? এই পাগল, সংক্রামক, পিছিয়ে পড়া ইরানের দোষ। আপনি এই ব্যক্তি ছাড়া প্রশংসা করার মতো কিছু খুঁজে পাননি। একটি অনুস্মারক হিসাবে...	1	bn
এবং আপনি একটি ধর্মান্ধ বহিরাগত, হাহা	0	bn
আমি ঈশ্বরের শপথ করে বলছি, আপনি যদি এই বিভ্রান্তি ছাড়াই স্কাইপে এটি করেন	0	bn
যারা কূটনৈতিক বক্তৃতার বিষয়বস্তু না বুঝে একটি স্টেশনে গেব্রান বাসিল আক্রমণ করে কারণ এটি রাষ্ট্র প্রধান এবং তাদের জনগণকে সম্বোধন করে।	0	bn
বয়কটের পর সৌদি আরব থেকে পূর্ববর্তী শীর্ষ সম্মেলনে বহিষ্কৃত হওয়া গেব্রান বাসিল, ইস্তাম্বুলে থাকাকালীন তামিমকে ঘুরে বেড়াতে দেখেননি বা এরদোগানের কোলে তাকে দেখেননি...	0	bn
আমি শূকরের রক্ত ​​পান করছি	1	bn
ভাই ওয়ালিদ প্রধানমন্ত্রী গেব্রান বাসিলের নেওয়া প্রথম অবস্থান নয় এবং কারণ শেখ সাদ এটি শেষ করেননি...	0	bn
মহামান্য মন্ত্রী, প্রাক-ইসলামী যুগে থাকুন, প্রাক-ইসলামী যুগে থাকুন, আর কাতারে আপনি কী চান?	1	bn
"আমি এটা বেশি পছন্দ করি যে মহিলারা ""এক্সটেনশন"" বলে এবং আমরা মনে করি এটি ""বিগ ফোর্ড"" এবং এটি চুলের এক্সটেনশন"	0	bn
মাজেন ইজি গেব্রান বাসিল, একজন সিরিয়ার বিক্রয় প্রতিনিধি	0	bn
এবং কেবল ওয়েমই দরজায় ছিলেন না, আউন তাদের গ্রহণ করেছিলেন এবং তালালের উপস্থিতিতে প্রিন্স মুজিদ ইহুদিদের সাথে অন্তরঙ্গ সেশন করেছিলেন।	0	bn
আমরা, পাহাড়ের মানুষ, আপনাকে ঘৃণা করি না এবং আপনাকে অস্বীকার করি না। আমরা চাই ভেনিজুয়েলায় আপনি আপনাকে প্রকাশ করুন। ঈশ্বর আমাদের যুক্তি এবং ধর্মকে শক্তিশালী করুন।	0	bn
সাইয়েদ হাসান নাসরাল্লাহ তার সাথে সাধারণ সংলাপে লেবাননে আরব অর্থনৈতিক শীর্ষ সম্মেলনে রাষ্ট্রপতি মিশেল আউন এবং মন্ত্রী গেব্রান বাসিলের অবস্থানের প্রশংসা করেছেন	0	bn
লেবাননের জনগণের গেব্রান বাসিলের জন্য একটি হজম ব্যবস্থা রয়েছে, যদিও সে মঙ্গল থেকে আসে, কিন্তু সে হজম হয়, বন্ধুরা এটা কী?	0	bn
আমি তোমাকে ভালোবাসি, নেতা	0	bn
জমজমের পানি দিয়ে ধুলেও ময়লা নোংরা...	0	bn
ষ্টেশনে কত লোক কাজ করছে তা ছাড়া আল্লাহ তাদের সবাইকে পুড়িয়ে দিন, বিশ্বকাপ শেষ হলেই পুড়ে যায়, স্টেশন পুড়ে যায়, সবাই খুশি হয়।	1	bn
শাস্ত্রীয় শাউই উপভাষা	1	bn
ওয়েম ওয়াহহাব, আপনি ড্রুজ রাষ্ট্রদ্রোহের একটি প্রকল্প। আপনি, যিনি প্রতিদিন আপনার ড্রুজ সম্পর্কে গান করেন, কীভাবে আপনার ড্রুজ আপনাকে বর্শা প্রধান হতে দিয়েছেন...	1	bn
আপনি কোন আরবের কথা বলছেন? শেখ, আল্লাহ আপনাকে হেদায়েত করুন। গুরুত্বপূর্ণ বিষয় হল পকেট ভর্তি, পেট ভরা এবং মস্তিষ্ক উড়ছে।	0	bn
@user @user এটা সব বান্না শূকরের সমস্যা, তারা মনে করে অন্যরা সবাই তাদের মত শোনা এবং আনুগত্যের অধীন, এবং আমি এটা অন্যদের বলছি... @url	1	bn
কিন্তু সম্প্রতি আমি একজন শিক্ষকের সন্তান হয়েছি	0	bn
বখাটেদের সময়	0	bn
#feednoly আমি দুঃখিত, আমি দুঃখিত, আমি জানি না আপনি কেমন আছেন	0	bn
@ব্যবহারকারীর	1	bn
পর্দার অধিকার	0	bn
যখনই আমি পরিবহণে, রাস্তায়, এমনকি কর্মক্ষেত্রে থাকি, হারেম এবং মেয়েরা এক চতুর্থাংশ স্কার্ফ পরে থাকে...	0	bn
লেবাননে সিরিয়ার ভূমিকা সম্মানজনক কিছু।আপনি মিশেল সামাহাকে ভুলে গেছেন	0	bn
খোদার কসম, আপনি ছাড়া কাতার কেউ বোঝে না, মহামান্য মন্ত্রী, আমার ভালোবাসা ও প্রশংসা গ্রহণ করুন	0	bn
একজন ব্যক্তি সামাজিক সিঁড়িতে কোথায় পড়ে + তার পারিপার্শ্বিক পরিবেশকে প্রভাবিত করার ক্ষমতার পরিমাণ + তার স্মৃতি এবং বিষয় সম্পর্কে জ্ঞান যেমন... @url	0	bn
ঈশ্বর যদি তাদের পরিবারে বুদ্ধি দেন আর আপনাকে না দেন তাহলে তাদের পাপ কি?	0	bn
এটা সহজ, গুরুত্বপূর্ণ বিষয় হল আমাদের ক্ষতি সম্মানজনক	0	bn
আপনি দেখুন, আপনার বোঝার জন্য আমাদের একটি অলৌকিক ঘটনা দরকার যে ওয়ালিদ জাম্বলট আপনার নেতা এবং পর্বত এবং সমস্ত লেবাননের নেতা, তবে নির্বাচিত স্বদেশের সংযুক্তির প্রয়োজন নেই...	0	bn
আপনার দিনটি ভালো কাটুক। আপনি আজ কি পরেছেন? আপনি যা পরেছেন তা আমি সত্যিই পছন্দ করি। আমার চাচা, এর চেয়েও সুন্দর সকাল আছে।	0	bn
@ব্যবহারকারী তার জামাকাপড় পরিষ্কারভাবে আঁটসাঁট, সে কারণেই সে তাকে তার সাথে অপহরণ করেছে, সত্যি বলতে, সে খুব ধান্দাবাজ	0	bn
@user @user চামচ, মীন, আল-মুজাফর, শাবারলু এবং বায়রার অর্ধেক	0	bn
আল-হিমালি আপনাকে যা বলেছে তা হল আপনার প্রভুদের খুশি করার জন্য তোষামোদ করা এবং ময়লা স্পর্শ করা নিষিদ্ধ। আমি আপনার বিখ্যাত উক্তিটি বলতে থাকব: ধন্যবাদ, কাতার।	0	bn
আপনার দৃঢ় সংকল্পে লেবাননে কত জ্ঞানী বৃদ্ধ হয়েছেন?	0	bn
নিম্নলিখিত বাক্যটি বিশ্লেষণ করুন এবং আলোচনা করুন: গেব্রান বাসিল কী বলেছেন তা বুঝতে চান এমন ব্যক্তিদের উপস্থিতিতে অভ্যস্ত	0	bn
গেব্রান বাসিল হল কঠিন সংখ্যা, এবং রাষ্ট্রপতি আউন সবচেয়ে কঠিন সংখ্যা, এবং তিনি নির্বাসন থেকে ফিরে আসার পর থেকে এটি প্রমাণ করেছেন, এবং এখন নয়	0	bn
খাশোগির করাতের খবর কি, ডেমোক্র্যাটরা?	0	bn
ভিডিও: তাকে পিটিয়ে মেরে ফেলল.. ভারতের এক মুসলিম যুবকের সাথে পুলিশের সামনে এই কাজ করল হিন্দুরা!	0	bn
@user @user পরিচ্ছন্নতা থেকে পরিষ্কার, পরিষ্কার নয়। তিনি কোথায় পড়াশোনা করেছেন? কেউ উটের মূত্র পান করলে দোষের কিছু নেই, জানাবেন	0	bn
@ব্যবহারকারী কিছু মনে করবেন না, আগামীকাল গোলানি শূকর থেকে একটি ফতোয়া আসবে তাদের সাথে লড়াই করতে এই অজুহাতে যে তারা তাকফিরি খারিজি, আল-ওয়াক ওয়াক দ্বীপপুঞ্জের এজেন্ট... @url	1	bn
@ব্যবহারকারী এখন সে একজন বিকৃত এবং সে চলে গেছে। এটি প্রত্যেকের ভাগ্য যারা ইসলাম থেকে বিচ্যুত হয়েছে। আমি যে কাউকে হত্যার বিপক্ষে, কিন্তু যে কেউ নাইটের মতো পোশাক পরে এমন একটি বোনকে মেনে নেয়।	0	bn
এটি সবচেয়ে বড় প্রমাণ যে প্রচারটি তুর্কি বা মুসলিম হিসাবে তার বিরুদ্ধে নয়, বরং রাজনৈতিক অবস্থান বা ইস্যুটির রাজনৈতিক প্রতীকবাদের বিরুদ্ধে কারণ দিনের শেষে…	0	bn
সারা বিশ্বের চিন্তাবিদরা সিরিয়ার বিরোধীদের মতো	0	bn
প্রকৃতপক্ষে, আপনার জন্য সেরা বর্ণনা হল #দ্বীপ_শুকর	0	bn
আরবরা আপনার এক বছর ধরে চলমান সমস্যাগুলি সমাধান করার চেষ্টা করে এবং তারপরে অন্যদের ভাগ্য দেখুন যারা ভন্ড	1	bn
আপনার সময় ভালো কাটুক, আবু হাদী	0	bn
জর্জ রুক আপনার মতো নিষ্ঠুর, ঘুষখোর কুকুর। আমরা দেখব জর্জ রিজক কতটা দুর্নীতিগ্রস্ত নিষ্ঠুর মানুষ হতে চায়। আপনি, সার্কাসিয়ান, ঈশ্বরের দোহাই দিয়ে আপনি লম্বা নন, আপনার পরিবারও নয়।	1	bn
"আমার ভাই, আমরা আপনাকে বলেছি, আমরা বলছি, ""আপনার আত্মা সিরিয়ায় রয়েছে, কারণ এটি রাস্তায় পেট্রল সরবরাহ করে এবং ফোন এবং ফ্যাক্স সরবরাহ করে। ঈশ্বর আপনাকে আশীর্বাদ করুন।"""	0	bn
প্রিয় হোন এবং মাথা নত করবেন না, যতই প্রয়োজন হোক না কেন, আপনার আবার মাথা তোলার সুযোগ নাও হতে পারে ওমর আল-মুখতার	0	bn
আপনি যদি আপনার সাক্ষাৎকার, আপনার বক্তব্য, আপনার বক্তব্য, আপনার লেখা পর্যালোচনা করেন তাহলে দেখবেন আপনিই সবচেয়ে বেশি ব্যক্তি যিনি সবাইকে দোষারোপ করেন, সবাইকে আক্রমণ করেন এবং কথা অনুযায়ী সবাইকে অপমান করেন।	0	bn
আল্লাহ আপনাকে হেফাজত করুন, নেতা, আপনি ঠিক বলেছেন	0	bn
গেব্রান বাসিল একজন খ্রিস্টান যিনি তার সহ-ধর্মবাদীদের হতাশ করেছিলেন এবং সমস্ত খ্রিস্টান সম্প্রদায়ের লেবানিজ খ্রিস্টানদের দ্বারা সমালোচিত হয়েছিল।	0	bn
দিনরাত প্রলোভন না দিয়ে বাঁচতে পারবেন না, তাদের বলুন ব্যাপারটা মাস্টারের কাছে	0	bn
কোলটি কিচিরমিচির করে এবং মনে করে সে একটি ঘোড়া। আপনি আল-আউনির সাথে বস্তুনিষ্ঠভাবে কথা বলেন, এবং সে তার স্টকের মতো ঘৃণ্য জন্তুর মতো সাড়া দেয়।	1	bn
এইভাবে, আল-খাজা ফয়সাল কারামিকে সুন্নি মন্ত্রীকে ত্যাগ করতে রাজি করাতে সফল হন।	0	bn
আপনি কি এমন একটি পাখি দেখেছেন যে শিকারীর গুলির ভয়ে নিজের খাঁচায় থাকতে পছন্দ করে?	0	bn
ওহ, এমন লোক আছে যারা ঘুমাবে না	0	bn
জেব্রান বাসিল, লেবাননের পররাষ্ট্র মন্ত্রী, সিরিয়াকে অবশ্যই আরব আলিঙ্গনে ফিরে আসতে হবে	0	bn
"#voa: ""শরণার্থীরা কেনিয়ান ফিল্ম ফেস্টিভ্যালে বড় পর্দায় লুকিয়ে আছে"" @url @url"	0	bn
গতকাল থেকে প্যারিসে তুষারপাত হচ্ছে, সূর্য কোথা থেকে এলো?	0	bn
তুমি ঠিকই বলেছ, কোন রাষ্ট্র নেই। ঈশ্বরের শপথ করে বলছি, তুমি কেমন আছ তা আজব। গতকালও আমি রাষ্ট্র ও নিরাপত্তা বাহিনীকে অভিশাপ দিচ্ছিলাম। এখন রাষ্ট্র কোথায়?	0	bn
আমাদের কাছে একটি বার্গার রাজা, একটি ম্যাক-আউট এবং এমন জিনিস রয়েছে যা আমি আগে কখনও দেখিনি, এবং একটি সুপারমার্কেট যা সবই শূকর৷ আমি জানি না যে সকালে বার্গার এবং ফ্রাই খেতে কার লিভার আছে৷	0	bn
আমার বাহিনী রাগান্বিত	0	bn
তোমার কি সমস্যা, আমি তোমাকে ভালোবাসি	0	bn
@user @user উটের প্রস্রাব পান করার কথা কোরানে উল্লেখ নেই, বা কাপিংও নেই। আপনি যখন কোনো বইয়ের সমালোচনা করেন, তখন আপনার সেটি পড়া উচিত, নয়... @url	0	bn
মাননীয় মন্ত্রী মহোদয়, দুটি বিকল্পই ঠিক আছে	0	bn
দুর্ভাগ্যবশত, রাষ্ট্রপতি, জনগণ তাদের অবস্থা সম্পর্কে সচেতন নয়	0	bn
এছাড়াও, যদি সিরিয়ার সেনাবাহিনীর হাতে নিহত আইএসআইএস এবং জাভাত আল-নুসরা সন্ত্রাসীদের জন্য আপনার হৃদয় ব্যাথা হয় এবং যারা দেশ থেকে নির্বাসিত হয়...	0	bn
ধন্যবাদ মানে একটি স্বীকারোক্তি যে মিশেল আউন এবং তার দল ড্রুজদের মধ্যে বিবাদকে ইন্ধন দিচ্ছে, কিন্তু আপনার তথ্যের জন্য, অধ্যাপক ওয়েম শেখ আল-গারিব, সাথে	0	bn
@user @user খড় এবং উটের মূত্র, ইয়েমেনের মন্দ এবং বিলম্বের জোট থেকে প্রতিদিন আপনার কাছে আসছে। আপনি দখলকারী, তাহেশ আল... @ ব্যবহারকারীর কাছ থেকে	1	bn
ক্লিপটিতে সঙ্গীত এবং একটি মেক-আপ পরা একজন মহিলা রয়েছে এবং আপনি যদি এটিকে রিটুইট করেন তবে আপনি পাপের অংশীদার হবেন	0	bn
স্যার, লেবানন রাষ্ট্রপতির আসনের মাধ্যমে ইরানের নিয়ন্ত্রণে চলে গেছে। শীর্ষ সম্মেলনে গেব্রান বাসিলের বক্তৃতা নিন...	0	bn
@user @user @user ঈশ্বর আপনাকে সফলতা দান করুন এবং আপনার দেশকে মাগির শূকরদের বিরুদ্ধে বিজয় দান করুন	1	bn
ধন্যবাদ, কাতার, লিরা বাঁচানোর জন্য। ভালবাসা, ওহ মানুষ, যে তোমার পুরুষত্বকে ভালবাসে	0	bn
সম্প্রদায়ের উপর ভিত্তি করে একটি বিস্তারিত সাম্প্রদায়িক আইন যা ইমাদ ওথমানের মতো ডি ফ্যাক্টো অফিসার তৈরি করেছিল	0	bn
সবই হারেম থেকে	0	bn
"আপনি একটি সাম্প্রদায়িক দৃষ্টিকোণ থেকে কথা বলছেন। এটা আপনার সম্মানের বিষয় নয়। দেখুন মিস্টার রেজিস্ট্যান্স। আপনি শেখ সাদকে কী বার্তা পাঠিয়েছেন? হিজবুল্লাহর একজন সিনিয়র কর্মকর্তা হারিরিকে নাসরুল্লাহর একটি বার্তা দিয়েছেন: “আপনার সাথে, আপনি একজন অত্যাচারী বা নির্যাতিত ব্যক্তি।"""	0	bn
হোয়াটসঅ্যাপ পরিষেবার সময় থেকে, হোয়াটসঅ্যাপ নিষিদ্ধকারী সংস্থাগুলি বাদে সারা বিশ্বে টেলিযোগাযোগ সংস্থাগুলির আয় হ্রাস পেয়েছে।	0	bn
একটি চুম্বন, একটি চুম্বন, একটি চুম্বন, একটি টুইট, যেন আপনি ফাওয়াজ আল-আলোন	0	bn
আসলে আপনি নির্বাচিত হন বা না হন, তারা বিপথে যাবে	0	bn
লেবাননের পররাষ্ট্রমন্ত্রী গেব্রান বাসিল, কাতারের আমির মহামান্য, আমাদের দেশের উপর আরোপিত অবরোধ ভেঙ্গে এবং অবরোধ ভাঙ্গার উদ্যোগে বৈরুতে আসেন।	0	bn
আবু রিদা, এটা কাতার রাষ্ট্র বলার জন্য আপনার লজ্জা লাগে এবং আপনি লেবাননের একটি রাজ্য বা জেলা থেকে এসেছেন	0	bn
খোদার কসম, তোমরা হিন্দু, তোমাদের মধ্যে শিয়াদের মধ্যে কোনো পার্থক্য নেই।	1	bn
আমার স্যান্ডেলের সাইজ আর তোমার মাথার স্যান্ডেলের সাইজ ঠিক একই, হে আব্দুল মাগী, তুমি এবং মাগুসের ঘোড়া কুকুর মুত’র ছেলে শয়তানের বিজয় হউক।	1	bn
এই ধরনের শরীর ক্যান্সার। এমন মানুষ, এমন রাষ্ট্র, এমন বিচার ব্যবস্থার জন্য কী লজ্জার বিষয়	1	bn
শাইখ আল-গারিবের অংশগ্রহণ আপনার ওজনের পিছনে এবং আপনার সাথে যারা আছে, হে কবির, এটি কালো ঘরে আপনার অপারেটরদের কাছ থেকে আসেনি এবং তাদের রোপণ করার অপরাধমূলক উদ্দেশ্য ...	0	bn
কিন্তু জিব্রান বাসিল বলেছেন	0	bn
এখানে আপনি যান, এটি জেব্রান বাসিল এবং অরেঞ্জ মুভমেন্ট দ্বারা সৃষ্ট অবিচারের একটি নমুনা। এটি আমাদের নীরবতার ফলাফল	0	bn
লেবাননে, আপনি যদি একটি রেস্তোরাঁ খোলেন, এমনকি যদি আপনি এটিকে আল-হাওয়া রেস্তোরাঁ বলেন, এবং রেস্তোরাঁটি সফল হয়, এবং ঈশ্বর আপনাকে সফলতা দেন, দুই হাজার লোক আপনার কাছে আসবে এবং নামের অনুকরণ করে আপনার পাশে রেস্টুরেন্ট খুলবে ...	0	bn
তার ক্ষমা চাওয়া শেখ সাদের কাছ থেকে। তারা তার কিছু রেডিও সম্প্রচার আপনার জন্য নিয়ে গেছে। তারা তাকে এই দুশ্চিন্তায় ফেলে রেখেছিল যে সে নিজেকে ধরতে পারেনি এবং পাগল হয়ে গেছে।	0	bn
আমার চোখের সামনে, একজন ভাল লেখক কেউ হয়রানি সম্পর্কে খুব বেশি কথা বলতে পারে না এবং এই সাধারণ প্রবণতাটি মহিলাদের ক্ষমতায়নের ষড়যন্ত্র নয় - আমি শুধু শব্দটিকে ঘৃণা করি... @url	0	bn
সমস্ত সম্মান এবং সম্মানের সাথে, অনুগত লোকেরা দামেস্কের জনগণের উদারতাকে স্মরণ করে। দামেস্ক তাদের অগ্নিপরীক্ষায় লেবানিজদের আলিঙ্গন করেছিল, ইরাকি এবং ফিলিস্তিনি...	0	bn
আপনার উচিত আমাকে হিব্রু লীগের সভাপতি নিয়োগ করা। প্রকৃতপক্ষে, আপনি আরববাদ এবং সৌদি আরবকে মিশ্রিত করছেন। আপনার সেরা আত্মে থাকুন, সর্বদা দুর্দান্ত।	0	bn
Sousse: 6 বছর বয়সী মেয়ে @url এর শ্লীলতাহানির অভিযোগে একজন শিশু নৌকার রক্ষীকে আটক করা হয়েছে	0	bn
ঈশ্বরের দ্বারা, লেবানন, লেবাননের সাংস্কৃতিক ইতিহাস এবং এর মধ্য দিয়ে যাওয়া বড় রাজনৈতিক নামগুলি তাদের চিত্রের যোগ্য নয়	0	bn
অবশ্যই, Gebran Bassil, এবং অন্য কারো সাথে কোন তুলনা নেই	0	bn
আমরা মিস করেছি, মহামান্য মন্ত্রী, আপনি চুক্তিকে রক্ষা করার জন্য সবচেয়ে উচ্চস্বর হবেন এবং যে কেউ জনগণের মনে আপনার কণ্ঠস্বরের শত্রু হিসাবে চুক্তির প্রতিনিধিত্ব করবে ❤	0	bn
আপনার সমস্ত মন দিয়ে বলুন, এই দেশে কি কেউ বা প্রধান কর্তৃপক্ষ আছে? আপনার ক্লায়েন্টদের পিছনে, তার মধ্যে থাকা সহ সারা দেশ ছোট, ছোট, ছোট হয়ে গেছে। আল্লাহ আপনার প্রতিশোধ নিন	0	bn
আল-হাসবানি, যারা মন্ত্রীদের কাজের প্রশংসা করেন তাদের স্বীকৃতি দিয়ে, সেরাদের একজন। আপনার মূল্যায়নের মাপকাঠি হল আপনি সিজার বাউ খলিলের মতো একজন মন্ত্রীর বিরুদ্ধে তাদের পরিমাপ করেন...	0	bn
আপনি সিরিয়ান বলে মনে হচ্ছে না, তবে আপনি নিজেকে দাবি করেন	0	bn
লেবাননের পররাষ্ট্রমন্ত্রী গেব্রান বাসিল: ইসরায়েল যদি তার নিরাপত্তা বজায় রাখতে চায় তবে এটা তার অধিকার	0	bn
আমি আজ খুব মজা পাইনি.. আমি শূকর ব্যাখ্যা করেছি, বন্ধুরা @url	0	bn
এই ইলেকট্রনিক আর্মি ওয়াহাবের বিরুদ্ধে। তার গল্পটা কী? কাফেলা হাঁটে, ঘেউ ঘেউ করে। যদিও আমি ওয়াহাবকে পছন্দ করি না, কিন্তু এই ইলেকট্রনিক আর্মি আমাকে এটা লিখতে বাধ্য করেছে।	0	bn
ইমাদ উসমান আপনার মাথায় পা রাখবে, ইনশাআল্লাহ, এবং আগামীকাল তিনি শীঘ্রই তাকে দেখতে পাবেন	0	bn
গ্রীষ্ম এবং শীতের মধ্যে পার্থক্য কি??	0	bn
কম পড়বেন না, শুধু আমার পছন্দের একটি ধারণা নিয়ে যান, যাতে আমাদের যন্ত্রণাদাতারা আমাদের প্রতিদানের জন্য আমাদের যন্ত্রণা এবং বেদনা দেখাতে না দেয়।	0	bn
তার একাধিক জুতা দরকার	0	bn
ঘরগুলো লাল, এমনকি সবুজও, এবং মসজিদ তোমার চেয়ে বেশি সম্মানিত ও পবিত্র	0	bn
ইসরায়েলের সাথে লেবাননের দক্ষিণ সীমান্তে উত্তেজনা তাকে রাত জেগে রাখছে কিনা এমন প্রশ্নের জবাবে মন্ত্রী গেব্রান বাসিল।	0	bn
আপনার জীবনের বিচারক হবেন না	0	bn
গেব্রান বাসিল একজন জেদী ব্যক্তি যিনি তায়েফের খ্রিস্টানদের অধিকার পুনরুদ্ধারের দাবি করেন যা তাদের কাছ থেকে কেড়ে নেওয়া হয়েছিল।এ কারণে তিনি তায়েফ ট্রয়কা এবং দুর্নীতির দ্বারা ঘৃণা করেন।	0	bn
হে পরাক্রমশালী নেতা, তুমি দীর্ঘজীবী হও	0	bn
লেবানন নিবন্ধের শিরোনামের জন্য অপেক্ষা করছে	0	bn
তার অবস্থার বর্ণনা একজন যিনি অভিযোগ বিতরণ করেন	0	bn
আমাদের মন্ত্রীদের গুপ্তচর আছে	0	bn
হজ তিসাসা, তেমন কিছু নেই	0	bn
গেব্রান বাসিল আমেরিকা এবং লন্ডনকে শেখাচ্ছেন কিভাবে বাজেট ছাড়া দেশ চালাতে হয়	0	bn
তুমি একজন সার্কাসিয়ান, তুমি কুকুর, এবং তুমি সেখানে বসে তোমার মতামত জানাচ্ছ, তুমি হীন তুর্কি	1	bn
আমার চাচা, কি নৈতিকতা চলে গেছে?	0	bn
@user @user চার বছর আর আপনি এক মাসেও প্রবেশ করেননি। না, না, আজ নিশ্চিত, আপনি অনেক উটের প্রস্রাব পান করেন। কেন পান করেন? আপনি একটি উট, উটের ছেলে।	1	bn
আমি যদি জানতাম যে তারা কীভাবে চিন্তা করেছে এবং এই সিদ্ধান্তে পৌঁছেছে যে হয়রানি প্রত্যাখ্যান = অন্যায়ের আমন্ত্রণ!!!	0	bn
আবারও, মন্ত্রী গেব্রান বাসিলকে শুভেচ্ছা	0	bn
খোদার কসম, আপনি একজন স্বার্থপর ব্যক্তি যার সাথে লেবাননের উদার জনগণের কোনো সম্পর্ক নেই।এই টুইটের মাধ্যমে আল সৌদ আপনাকে প্রলুব্ধ করার জন্য কতটুকু দিয়েছে?	0	bn
ঠিক আছে, কিন্তু আপনার সমস্যা হল যে সামিট আয়োজনের জন্য গেব্রান বাসিল দায়ী নয়, তবে সামিটের আয়োজকরা আছেন	0	bn
নথিভুক্ত খবর নাকি কৌতুক? শুধু অভিনয় জানার জন্য	0	bn
উদাহরণস্বরূপ, #নিকাব_বনের বিরুদ্ধে হয়রানি প্রতিরোধ করুন	0	bn
@ব্যবহারকারী আসুন আমরা সবাই নোংরা জ্যাজ দিয়ে জ্বলি	0	bn
হাহাহাহাহাহা কে বলে এই জিব্রান বাসিল খ্রিস্টানরা টেবিলের উপর থেকে স্বাভাবিকীকরণ চায়	0	bn
বিচার বিভাগের ন্যায্যতা নিয়ে আমরা সন্দেহ করি না	0	bn
সিরিয়া একটি সভ্যতার দেশ যা এটিকে একটি প্রাণী বা প্রাণীর সাথে সংযুক্ত করে	0	bn
সুলেমান আল-সাগীরের যন্ত্রণায় কষ্ট পাওয়া হারাম। তারা বাবদা প্যালেস মোড়ে এসে সাদা কাগজ বানাতে ফিরে আসে। অনুভূতি ছাড়া কান্না করা হারাম…	0	bn
উটের ছেলেরা গর্বিত যে তাদের উট দৌড়ে অংশ নিচ্ছে, যা পল দ্য ক্যামেলের রাজ্যের সর্বশ্রেষ্ঠ অর্জন বলে বিবেচিত হয়। তারা গর্বিত যে এটি আরও বেশি... @user	0	bn
@ব্যবহারকারী আমাকে বোঝানোর জন্য যখন আপনি তার ছবি পোস্ট করেননি তখন আপনার কী সমস্যা? এর মানে হল যে নারীদের গাড়ি চালানোর কারণ যোগাযোগের সৌদিকরণ এবং হয়রানির হার বেড়েছে কারণ... @url	0	bn
জর্ডানের সেনাবাহিনী কত বড়?	0	bn
"আমি শুধু লেবানিজদের দ্বারা নির্যাতিত হয়েছিলাম যারা টুইট করেছিল, ""ধন্যবাদ, কাতার।"" উদ্বোধনের পরপরই তিনি শীর্ষ সম্মেলন ত্যাগ করেন।"	0	bn
আপনি আমাদের কাছ থেকে এটা কোথা থেকে পেলেন?তোমার বাবা মুতার মুসাইদ বসে মানুষের প্রোফাইল দেখছেন।এত সম্পত্তি আর টাকা কোথায় পাবেন?	0	bn
যাইহোক, আমার দাদার সাথে তার প্রচুর সঙ্গ ছিল এবং তিনি তাকে রেজির জেনারেল ডিরেক্টর হিসাবে নিয়োগ করেছিলেন এবং যখন তারা একটি অভ্যুত্থানকে সমতুল্য করে, তখন তারা আমার দাদাকে কিছু সময়ের জন্য কারাগারে এবং তারপরে জোরপূর্বক গ্রেপ্তার করে।	0	bn
প্রফেসর ওয়াইম, সাগর সাদা হয়ে গেলে দেশে দুর্নীতি থাকবে না।আপনি বিশ্বাস করেন তাদের দুর্নীতির বিরুদ্ধে লড়াই করা উচিত।	0	bn
যারা জিব্রানকে লেবাননের জন্য বানিয়েছে তারা এক বছরের জন্য করতে চায়	0	bn
যার প্রাপ্য সে তার পরিবেশে সবচেয়ে শক্তিশালী। আমি বিশ্বাস করি এবং নিশ্চিত যে জেব্রান বাসিল সংসদীয় প্রতিনিধিত্বের ক্ষেত্রে সবচেয়ে শক্তিশালী হবেন।	0	bn
এটি অবশ্যই আপনার জন্য দরজা খুলে দেবে এবং আপনাকে নিশ্চিত করবে যে তথাকথিত সিরিয়ার বিপ্লব ছিল প্রতিরোধের অক্ষের বিরুদ্ধে নতুন সমীকরণ স্থাপনের জন্য নিছক ভাড়াটে।	0	bn
আশা করি আমরা ভুল বুঝেছি এবং যে কেউ আমাদের ভালোবাসে মন খারাপ করবে, কিন্তু তাদের আচরণ সবসময় আমাদের উপর আক্রমণ করে	0	bn
এক বছরের মধ্যে এটি দ্বিতীয় ঘটনা যা আমেরিকায় যৌন হয়রানির বিস্তার নিশ্চিত করে: প্রথমটি হল #metoo (me too) কেস... @url	0	bn
এক আরব জাতি	0	bn
আমাদের একটি প্রবাদ আছে যে পচা ডিম একে অপরকে ছিটিয়ে দেয়	0	bn
এটা সত্য, বাশার ইবনে কালব, কিন্তু খুব কম লোকই আছে যারা সিরিয়ানদের সাথে এটা করে। একজন ভন্ড, বেঈমান সিরিয়ান মানুষ যারা উদ্বাস্তু হয়ে তাদের হোস্টদের উপর আক্রমণ করতে চায়।	1	bn
তাই আমি তোমার জন্য একটি পশু এবং একটি কুকুর কিনেছি, তোমার সময় ঘনিয়ে এসেছে, তুমি জারজ	1	bn
দুর্ভাগ্যবশত, তুরস্ক বিশ্বের দশটি শক্তিশালী অর্থনীতির দ্বারপ্রান্তে, যখন কাতার উচ্চ উড়ে যাচ্ছে এবং পরিস্থিতির উন্নতির জন্য অর্থ প্রদান করছে	0	bn
আমরা যারা দুর্নীতির বিরুদ্ধে প্রকাশ্যে লড়াই করি তাদের জন্য আমরা গর্বিত। আমরা সমস্ত রাষ্ট্রীয় কাজে দক্ষতার নীতি গ্রহণে পৌঁছেছি।	0	bn
গেব্রান বাসিলের বক্তৃতা তাকে লজ্জিত করেছে এবং সমগ্র আরব জাতিকে লজ্জিত করেছে	0	bn
আর তোমার লালন-পালনের দোয়া	0	bn
তাদের ক্রোধে, তারা প্রতিটি টুইটকে অপমান করতে এবং ভয় দেখানোর জন্য অর্থপ্রদানকারী বোকাদের একটি দল চালু করে	0	bn
আমরা সবাই আপনার সাথে আছি, মহামান্য মন্ত্রী রাজা গেব্রান বাসিল	0	bn
প্রধানমন্ত্রী শেখ সাদ হারিরি আপনার মাথার মুকুট এবং আপনি, আপনার পরিবার এবং আপনার পিছনে থাকা লোকদের চেয়েও বেশি সম্মানিত	0	bn
বিশ্ব একটি অবস্থান এবং নির্বাচিত ব্যক্তির অবস্থান একটি লাল রেখা।	0	bn
গেব্রান বাসিল ইসরায়েলের নিরাপত্তার জন্য হুমকি	0	bn
এক দল কুকুর এটিকে ধ্বংস করে তার পাহাড়ে বসেছিল	1	bn
আবু হাদি, আমরা আপনার জন্য গর্বিত, মিস্টার প্রেসিডেন্ট	0	bn
আপনি কি জানেন যে লেফটেন্যান্টের সরঞ্জামগুলিতে একটি সামরিক ইউনিফর্ম এবং একটি মূল্যের অস্ত্র রয়েছে যা জায়নিস্টের সামনে দাঁড়িয়ে আছে যারা মূল্যবান সরঞ্জাম পরিধান করে?	0	bn
@user @user @user অর্থাৎ, কারণ আপনারা সবাই নগ্ন অসভ্য... ইরাক হল হাম্মুরাবি এবং ঝুলন্ত উদ্যান এবং মেসোপটেমিয়া এবং... @url	1	bn
আমি একজন শেফ হয়ে মোটা হতে চাই এবং ভুল করে শুকরের মাংস খেতে চাই	0	bn
এখন আপনি আরব হয়ে গেছেন, আপনি সারাজীবন ইরান এবং দলের নির্দেশের অনুসারী হননি	0	bn
@user @user @user আমার মানুষ, তুমি কি করছ? খুব সম্ভবত উটের প্রস্রাব	1	bn
এই হয়রানি জঘন্য, জঘন্য, তাই জঘন্য	0	bn
@ব্যবহারকারী এটি তোমার দেশ, প্যালেস্টাইন, তুমি শূকর, তোমার পছন্দের কারণে, আতওয়ানের পছন্দ, এবং হামাস সন্ত্রাসীদের ঝাঁক যারা নিজেদেরকে ইরানের বুকে নিক্ষেপ করেছিল... @url	1	bn
আমি আবিষ্কার করেছি যে আমি একজন বিকৃত, সাধারণ বিকৃত নই, না :(	0	bn
হাহাহা, এই লাহামের জন্য আমাকে অভিনন্দন, যদি আরব রাষ্ট্র ইরান তার সাথে এইভাবে বেরিয়ে আসে, এবং যদি আপনারা সবাই এমন হন তবে আপনার জন্য ভাল।	1	bn
ওঠ, সিরিয়ান, মাথা নিচু রাখ, সরমায়া	0	bn
নাস্তিকরা গরু ভাই	1	bn
সৌদি সরকার কানাডার সীমান্ত বরাবর একটি খাল খননের জন্য দরপত্রের অনুরোধ ঘোষণা করেছে	0	bn
এই বাক্যটি ডঃ মারওয়া আল-আরজানি একটি (টেলিভিশন) দৃশ্যে মন্তব্য করেছিলেন যেখানে তাদের মাঝে একজন সুশোভিত মহিলা উপস্থিত হয়!!!!!!!!…	0	bn
এই যুগে সত্য কথা বলার লোক কমই আছে, আল্লাহ আপনাকে রক্ষা করুন	0	bn
কিছু দারোয়ান আছে যারা ব্যাগ বহন করে, লেবাননে দলের হোটেলের সামনে তাদের মতো নোংরা কাজ করে	0	bn
আপনি জানেন যে আপনার প্রশংসা করা প্রত্যেকেই হাসে এবং আপনাকে নিয়ে মজা করে	0	bn
"একজন বৃদ্ধ লোক আছে, আমি জানি না তার মায়ের কি আছে, একাধিকবার সে ঘরে এসে আমাদের দুঃখ দেয়, সে বসে বসে তাকিয়ে দেখে, তারা বলল, ""নিচে যাও, সে নিচে যায় না, সে চলে যায়। নিচে নেমে যায়..!"" এটা নোংরা দেখাচ্ছে... @url"	0	bn
ধন্যবাদ, গেব্রান বাসিল, আমাদের গ্যারান্টি হওয়ার জন্য	0	bn
যতক্ষণ না লেবানন তাকে বাধা না দেয় ততক্ষণ তিনি সহিংস প্রতিক্রিয়ার দাবিদার	0	bn
যদি কখনো কোনো দেশ থাকত, মহামান্য মন্ত্রী, আপনার জিহ্বার অশ্লীলতা, বিচার বিভাগের প্রতি আপনার অবমাননা এবং বৈধ শক্তির বিরুদ্ধে আপনার বিদ্রোহের জন্য আপনার স্থান কারাগারের পিছনে থাকত।	0	bn
আমরা আমাদের শক্তি দিয়ে সফল হয়েছি। আপনাকে ধন্যবাদ, মহামান্য রাষ্ট্রপতি এবং মহামান্য মন্ত্রী গেব্রান বাসিল	0	bn
হ্যাঁ, তিনি ঠিক বলেছেন, ইসরাইল যদি ফিলিস্তিন, লেবানন, জর্ডান ও আরব দেশগুলোর সঙ্গে শান্তি অর্জন করে তাহলে সমস্যা কোথায়?	0	bn
ভালো করে ঘুমাও, তাশাম, আজকের জন্য যথেষ্ট বোকামি, তুমি কালকের জন্য কিছু রেখে যেতে চাও না	1	bn
@user @user @user @user @user কারণ আপনি নোংরা এবং একটি কুকুরের সন্তান এবং আপনি লেবাননের কুকুরকে সমর্থন করেছেন!! তোমরা সবাই কুকুর, সমস্যা কি???	1	bn
এটি আর কবিতা প্রেরণ করে না, এটি আর হোসেনকে প্রেরণ করে না	0	bn
আপনার মত মানুষের বুদ্ধিবৃত্তিক অক্ষমতার জন্য আমি দায়ী নই, মহামান্য	0	bn
ভেরানি সত্য, পরীক্ষাগার-জাত, তবে কালো এবং ধূসর	0	bn
@user @user @user আল-শাওয়ালের সাথে আমাদের মতপার্থক্য হল কারণ সে আমাদের ক্লাবের বিষয়ে হস্তক্ষেপ করেছে এবং এইভাবে আমাদের জন্য সর্বত্র ক্ষতির কারণ হবে... @url	0	bn
ইয়ারমুক ক্যাম্পে বর্বর বোমা হামলার বিষয়ে হামাসের অবস্থান কী তা আমি ভাবছি	0	bn
জিব্রান বাসিল, এবং সত্যি কথা বলতে, কেউ যদি মন খারাপ করতে চান, দয়া করে আমাকে ফিরে আসতে বাধ্য করুন এবং বলুন যে মিস্টারের উপস্থিতিতে লেবানন শক্তিশালী।	0	bn
#সৌদি_নারী_আমাদের_দাবি_অবলুপ্তি_অফ_অভিভাবকত্ব 800 অভিভাবকত্ব নাবালক, মূর্খ এবং উন্মাদদের উপরে থাকবে	0	bn
@ব্যবহারকারী বনি ইয়ারাব কি তাদের মরিচা পড়া মাথার সমস্ত খড় হারিয়ে ফেলেছে? দৃশ্যত এটি ক্যাপ্টাগন বা উটের প্রস্রাব তারা গ্রহণ করছে... @url	1	bn
মহামান্য, আমি ভয় পাচ্ছি যে তিনি একটি শক্তিশালী দেশে থাকবেন	0	bn
"একজন কবি আমাকে বলেছিলেন, ""যদি কেবল রাজনীতিবিদরা নারী হতেন।"""	0	bn
@ব্যবহারকারী, এটা তোমার পদ্ধতি, হে মাগীদের কুকুর (অবশ্যই তুমি তেহরানের গুরুত্বপূর্ণ ধ্বংস এবং হোসেনের মিছিলের কথা চিন্তা কর না, তুমি অপবিত্র লোকেরা) (এটা যদি তোমার না হতো, আমরা থাকতাম না... @url	1	bn
আপনি এখনও একই পদ্ধতি ব্যবহার করার জন্য জোর দেন, তাই এটি আমার প্রতিক্রিয়া	0	bn
লেন্সের মাধ্যমে করা সেরা গোলটি	0	bn
Wiam হল লেবাননে মানব অগ্রগতির একটি প্রতীক। আমরা প্রতিনিয়ত প্রতিরোধ সচেতনতার সংস্কৃতি এবং সাহসী ও পরিবর্তনের ইচ্ছার দ্বারা অনুপ্রাণিত হই। আপনার ভয়েস হল Wiam।	0	bn
আমাদের দরকার প্রতিটি শব্দের অক্ষর। আমাদের প্রয়োজন নির্বাসিত, আফ্রিকা থেকে, সবচেয়ে মূল্যবান শান্তি	0	bn
#পাশাপাশি_ছাগল	0	bn
মার্তা, যিনি বলটি সিল করেছিলেন, তিনি হারেম আক্রমণ করেছিলেন	0	bn
আপনি নিজের সম্পর্কে বলতে চাচ্ছেন, যেদিন আপনি মোহাম্মদ আবু ধিয়াবকে কাছের একটি হাসপাতালে ভর্তি করতে বাধা দিয়েছিলেন এবং তাকে একটি হাসপাতালে ভর্তি করেছিলেন, দুর্ভাগ্যক্রমে, এটি পক্ষপাতমূলক।	0	bn
গেব্রান বাসিল খুব বিরক্ত হয়েছিলেন যখন তিনি বলেছিলেন যে তিনি সিরিয়ায় থাকতে চান এবং যখন তিনি তার দেশ লেবাননে আছেন, তখন তিনি শান্তিতে থাকতে পারবেন না।	0	bn
আমাদের প্রতি সর্বদা সদয় এবং উদার হওয়ার জন্য আপনাকে ধন্যবাদ, শেখ নাসর আল-দিন আল-গারিব	0	bn
ধাবা, দাবা, দেইরিয়ার লোকেরা আরব নয়	0	bn
বাথ বাহিনী, আমরা ইরানি এবং রাশিয়ানদের মাটি থেকে নিশ্চিহ্ন করে দেব, হে কুকুর, আপনি অংশগ্রহণ করতে ইচ্ছুক হওয়ার পরেও কড়াই ভেঙে ফেলবেন না বা আপনার দেশ শাসন করবেন না।	1	bn
ওসমান নিরাপত্তা বাহিনীর দুর্নীতিবাজদের রক্ষা করেন, যা তাকে তাদের অংশীদার করে তোলে	0	bn
আমি একটি জিনিসের জন্য বাচ্চাদের হিংসা করি তারা একত্রিত হতে এবং একসাথে হাঁটতে সক্ষম, তবুও তারা বোকার মতো হারেমের পিছনে দৌড়ায়।	0	bn
@ব্যবহারকারী আপনার জন্য সম্প্রচার করা আবশ্যক নয়, ঈশ্বরের কসম, আপনার ধর্মের মূল্যে খ্যাতির চেয়ে আপনার নৈতিকতা আপনার জন্য ভাল। আপনি সজ্জিত, আপনার চুল প্রকাশ করছেন। ঈশ্বরের কসম, আমি আপনাকে এই ক্ষেত্রটি ছেড়ে দেওয়ার পরামর্শ দিচ্ছি।	0	bn
লেবাননে তামিমের উপস্থিতি ছিল খুবই স্বাগত	0	bn
@user আপনি কি মাগী-পারস্য-ইরানি-ইহুদি এজেন্ডা বাস্তবায়নের জন্য কিছু রেখে গেছেন? ইসলাম ও ইসলামের সবচেয়ে বড় শত্রুর সফর কি... @user	0	bn
পররাষ্ট্রমন্ত্রী গেব্রান বাসিল, যিনি সিরিয়াকে আরব লীগে ফিরিয়ে দেওয়ার জন্য প্রজাতন্ত্রের রাষ্ট্রপতির সাথে সাহসিকতার সাথে কাজ করছেন, তার প্রচেষ্টা এবং চুক্তির প্রচেষ্টাকে কেন্দ্রীভূত করা আরও ভাল হবে।	0	bn
তোমাকে তাদের মোকাবেলা করতে হবে, ওয়েম। চুপ করে থাকবেন না। চুপ করে থাকবেন না। পিছু হটবেন না। একজন মানুষ, একজন মানুষের ছেলে, এবং আমরা যেমন তোমাকে চিনি, তেমনই হও।	0	bn
ঠিক আছে, প্রথম হয়রানি প্রতিরোধ করুন #নিকাব_বনের বিরুদ্ধে	0	bn
আপনি দীর্ঘজীবী হোন, হে ওয়াম ওয়াহহাব, হে হৃদয়ের রাজকুমার	0	bn
@ ব্যবহারকারী জার্মানির শূকর থেকে অবসর নেওয়ার পর, একজন ব্যক্তি ধর্ম এবং বিশ্বাসে তার স্বাধীনতা নিয়েছিলেন	0	bn
সব কিছু তার নির্ধারিত সময়ে আপনার কাছে আসবে, তাই আপনাকে অবশ্যই ধৈর্য ধরতে হবে	0	bn
রাষ্ট্রপতির জামাতা গেব্রান বাসিল, বেশিরভাগ লেবাননের দলগুলি এড়িয়ে চলে। রাষ্ট্রপতির সাথে একসাথে, তারা দামেস্ক এবং ইরানের এজেন্ডা বাস্তবায়ন করে।	0	bn
জুতার থেকে একটু বড়	0	bn
গেব্রান বাসিল এমন একজন ব্যক্তি যিনি লেবাননের পররাষ্ট্র নীতির সাফল্যের জন্য কাজ করতে ক্লান্ত হন না	0	bn
কামাল জুমব্লাটের হত্যাকারী, হারিরির হত্যাকারী, জিবরান তুয়েনি, সামির কাসির, সেলিম আল-লাওজি, শেখ হাসান খালেদ এবং কাত্তার…	0	bn
@ ব্যবহারকারী আমরা শূকর চাই না	1	bn
আপনার আয় বিচার বিভাগ চায় না	0	bn
আমি এক বিলিয়ন জমা করেছি কারণ লেবাননে শয়তান পার্টি অবরোধের ফলে ইরানি সমর্থন বন্ধ হওয়ার পরে একটি কঠিন পর্যায়ে যাচ্ছে।	1	bn
আপনি কারাবাস চান, স্বদেশ বা অন্য কিছু চান না	0	bn
গেব্রান বাসিল ইসরায়েলকে তার নিরাপত্তা নিয়ে হুমকি দিয়ে বলেছিলেন যে ইসরায়েল যদি সত্যিই তার নিরাপত্তার নিশ্চয়তা দিতে চায় এবং এটি তার অধিকার, তাহলে অবশ্যই...	0	bn
হে পচা দ্রুজ, ফয়সাল কাসিম, মিষ্টি সরসারি সম্পর্কে আপনার মন্তব্য কি? হে ফাসান, দ্রুজরা বিশ্বাসঘাতক।	1	bn
প্রফেসর উইম, ভিডিওটি আপনার জন্য বছরের পর বছর ধরে গল্প সংকলন করছে। এটা ভালো নয়। আমি মনে করি যেভাবেই হোক আপনার এটি পরিবর্তন করা উচিত। আপনি ধারণাটি চান।	0	bn
খুব খুব শান্ত এই মত	0	bn
এটি লেবাননের মমি। লেবানন ইতিহাস বহনকারী একটি মমি করা মমির মতো হয়ে উঠেছে কিন্তু জীবন ছাড়াই	0	bn
হাওয়া আল হুরিয়া টিভিতে তিনি সর্বদা সবচেয়ে উত্তেজক ব্যক্তি	0	bn
@ব্যবহারকারী হা-হা-হা-হা-হা-হা-হা-হা-হা-হা-হা-হা-হা-হা-হা-হা-হা-হা-হা-হা-হা-হা-হা হা-হা-হা-হা-হা-হা-হা-হা-হা-হা-হা-হা-হা-হা-হা-হা-হা-হা-হা। হা-হা-হা-হা-হা-হা-হা-হা-হা-হা-হা-হা-হা-হা-হা-হা-হা-হা-হা। হাহা	1	bn
ফ্রি লেবানিজ মুভমেন্টের বন্ধুদের দ্বারা প্রাপ্ত কিছু তথ্য এবং ফাঁসের মাধ্যমে, তারা আমাদের আশ্বস্ত করেছে যে পররাষ্ট্রমন্ত্রী গেব্রানের উপস্থিতি কভার করার খরচ...	0	bn
তুমি কি ধরনের গণতন্ত্রের কথা বলছ?তোমরা নারীদের গণতন্ত্র বলে কিছু নেই।তুমি শুধু নকদ আর তার বোন।	1	bn
গেব্রান বাসিলের সুনামকে অপবাদ এবং হেয় প্রতিপন্নকারী প্রত্যেক ব্যক্তিকে জবাবদিহি করতে হবে	0	bn
কে সুরক্ষা এবং প্যাসেজ সুবিধার কথা বলছে, এবং আলী আল-আমিন সিঁড়িতে পড়ে গেল?	0	bn
এটা তার একটি শর্ত হয়ে দাঁড়ায় যে তারা একসাথে ভাই হয়ে যায়	0	bn
আজমি বিশারা বলেছেন: ফিলিস্তিনি উদ্বাস্তুরা কারও বোঝা ছিল না, তারা নিরর্থকও ছিল না। বরং তারা একটি সক্রিয়, উৎপাদনশীল এবং কর্মক্ষম সমাজ গঠন করেছে... @url	0	bn
এটা সত্য সাধারণীকরণ করা আবশ্যক	0	bn
আপনার উপর শান্তি বর্ষিত হোক এবং আপনার জিহ্বা বরকতময় হোক	0	bn
আপনার অবগতির জন্য, মহামান্য, মুক্ত আন্দোলন এবং বাকি মার্চের অনেক প্রতিশ্রুতি সত্ত্বেও কোন আলাউইট সফল হয়নি। এটি একটি প্রহসন।	0	bn
সৌদি সন্ত্রাসবাদ ইতিহাসের ডাস্টবিনে জমা হয়েছে, এবং সবাই এই প্রশ্নের স্ট্রিং টানছে: কেন এই বেপরোয়া, এবং সিরিয়ার উচিত...	1	bn
@ব্যবহারকারী এই যে আপনাকে নোংরা কথা বলতে হবে এবং মানুষের সম্মানকে অপমান করতে হবে, তবে স্টেডিয়ামে আমাদের সামনে জারবিল রয়েছে এবং শেষ জিনিসটি বিশ্বকাপ, আমি মনে করি আপনি ভুলে গেছেন	1	bn
আমি জানি না কিভাবে লেবানন নিজেকে লেবাননের বৈচিত্র্য, সভ্যতা এবং শিল্পের শীর্ষে উপস্থিত থাকতে এমন একটি দানবকে গ্রহণ করার অনুমতি দিয়েছে।	0	bn
প্রতিরোধের কাছাকাছি থাকা সাংবাদিকরা, আপনার সহ, মন্ত্রী গেব্রান বাসিলকে এক দৃষ্টিকোণ থেকে দেখুন, শুধুমাত্র একজন ডিফেন্ডারের সাথে	0	bn
আমরা আশা করি যে আমরা আইন ও প্রতিষ্ঠানের অবস্থায় থাকতাম, এবং মুয়াল্লেম ইমাদ ওসমান প্রধানমন্ত্রীর পদে পৌঁছাতেন না।	0	bn
আমি আল্লাহর শপথ করে বলছি, আপনি এই অপমান আপনার জন্য নিয়ে এসেছেন কারণ আপনি এটি প্রাপ্য। আপনি শেখ সাদের মতো নন, যে আপনাকে সম্মান করে এবং সাড়া দেয় না।	0	bn
চলমান demonization পার্টির জন্য, আমি জানি না এর সুবিধা কী	0	bn
হ্যাঁ, আপনি কৃষক, আপনি দরিদ্র ব্যক্তি, আপনি নগণ্য ব্যক্তি, আপনি দ্রুজ, আপনি সিরিয়ানদের কথা বলছেন এবং আপনিই প্রথম তাদের মৃত্যু এবং ধ্বংস এবং আপনার দ্রুজ সম্প্রদায়ের টিকে থাকার জন্য, আপনি কীটপতঙ্গ।	1	bn
কুঁকড়ানো সিংহের মতো	0	bn
এটা কখন ঘটেছিল তা বিবেচ্য নয়, তবে বয়স্ক থেকে কনিষ্ঠ পর্যন্ত ব্যতিক্রম ছাড়াই সমস্ত রাজনীতিবিদদের জন্য লেবাননে এই পদক্ষেপটি আমাদের মরিয়াভাবে প্রয়োজন...	0	bn
শিশুদের হয়রানি থেকে রক্ষা করার জন্য একটি সুন্দর কার্টুন ভিডিও..	0	bn
এবং তারা ওহাবি শূকর পাচার করে যারা বৈরুতের হোটেল উড়িয়ে দিয়েছে, ছানা। @url	1	bn
কাতার ব্যাংকে জমা করে এবং সুদ পায়, এবং যদি লেবাননে এমন কোনো রাষ্ট্রনায়ক থাকে যারা এই অর্থ বুদ্ধিমানের সাথে এবং সততার সাথে পরিচালনা করতে পারে, তারা লাভ অর্জন করবে...	0	bn
আমি বুঝতে পারছি আপনি লুকিয়ে আছেন	0	bn
@user ঈশ্বরের অভিশাপ তোমার উপর বর্ষিত হোক, তুমি শূকর, তুমি অপরাধীর ছেলে।	1	bn
সারা বিশ্বে শুয়োররা খুশি এবং তাদের লেজ নাড়াচাড়া করছে, এবং তাদের সাথে উত্তরের বেশিরভাগ আরব, অকৃতজ্ঞ, অমানুষ ভক্ষকদের মুখ কালো হয়ে গেছে এবং তারা… @url	1	bn
ওয়াম ওয়াহহাব সবচেয়ে সম্মানিত ব্যক্তিদের একজন, একজন স্পষ্টভাষী, সৎ এবং অনুগত রাজনীতিবিদ	0	bn
নারীর প্রতি হয়রানি হয়রানিই থেকে যায়	0	bn
তিনি তোমাদের পিতা, ইস্রায়েলের সেনাবাহিনীর পিতা নন, তোমরা সবাই কুকুর	1	bn
@ব্যবহারকারী, খাশোগির অপমান ছাড়া আর কিছুই নেই, খাওয়ারিজ, নাকি সম্মানজনক নিষেধাজ্ঞা ও বিনামূল্যের লোহা ঢাকতে, হে শূকর?	1	bn
এটা একজন সরকারী পাগল, নাকি সে বাবদ ভেড়া হওয়ার পরিকল্পনা করছে?	0	bn
আহমেদ আবুল গীত, গেব্রান বাসিলের সাথে একটি সংবাদ সম্মেলনে, একজন সাংবাদিককে বলেছেন যে তিনি তার কথা এবং আল-মাহরুস হিসাবে তার অবস্থানের ভিত্তিতে তিনটি প্রশ্ন জিজ্ঞাসা করতে লোভী।	0	bn
লেবাননকে অভিনন্দন, ফাইবার অপটিক প্রকল্প চালু করার সুবাদে আজ রাত থেকে আমাদের কিছু এলাকায় সুপার ফাস্ট ইন্টারনেট রয়েছে। আশা করি আমাদের বিদ্যুৎ থাকবে।	0	bn
আমি বলছি আপনি গরীব এবং আপনি গতকাল মদ খেয়ে ঘুমিয়ে থাকতে পারেন।	0	bn
এই একজন কাতারি যে জানে না যে কাতারের আমির কাতারকে অনৈতিক তুর্কিদের হাতে তুলে দিয়েছেন, মানে আপনি গৃহহীন থাকবেন!	1	bn
আমাদের শ্রদ্ধেয় শায়খদের আশীর্বাদ নিয়ে চলা ওয়াহহাব বিজয়ী হবে, ইনশাআল্লাহ	0	bn
দেখা যাচ্ছে যে উটের প্রস্রাব তার সময়কালের জন্য বিশুদ্ধ @url	0	bn
আপনার কি সমস্যা? খাশোগি মামলায় থাকুন এবং আপনার থেকে বড় কিছুতে হস্তক্ষেপ করবেন না এবং আপনার মনের পক্ষে বোঝা কঠিন।	0	bn
এই বাজারটি আল-হারবালি স্ট্রিটের একটি সম্প্রসারণ, আল-হারেম মার্কেটের বিপরীতে, কবরস্থানের প্রাচীর পর্যন্ত,…	0	bn
ইসরায়েলের সাথে কোন আদর্শগত মতপার্থক্য নেই তা নিশ্চিত করার পরে, যুগের শক্তিশালী পররাষ্ট্রমন্ত্রী, গেব্রান বাসিল, সিএনএনকে দেওয়া একটি সাক্ষাত্কারে নিশ্চিত করেছেন যে নিরাপত্তা…	0	bn
জেলখানায় ধর্ষণের গুজব এবং আফ্রিকান উদ্বাস্তু থেকে শুরু করে ল্যাঙ্গো এবং যৌন বর্ধকদের গল্প এবং মিডিয়াতে তাদের প্রচার...	0	bn
ওহ আহমেদ, টুইট সহ গেব্রান বাসিল কোথায়, কিন্তু আমার মনে তোমার কিছু আছে, আমার ভালবাসা	0	bn
দামেস্ক আরবদের জন্য একটি প্রেমময় স্থান, একজন করুণাময় মা, একজন মমতাময়ী পিতা এবং একজন যত্নশীল ভাই, কিন্তু আরবরা এটিকে লোভ করেছিল, এর প্রতি নিষ্ঠুর ছিল এবং এটিকে ধ্বংস করতে চেয়েছিল ...	0	bn
সিসি: শরণার্থীরা মিশরে ভদ্র জীবনযাপন করে!! @url	0	bn
উইকিলিকস প্রকাশ করেছে যে গেব্রান বাসিল এবং জেনারেল আউন প্রতিরোধের প্রতি কতটা অনুগত ছিলেন, অন্যদের মতো নয়, তবে এটাই।	0	bn
